word,count
haven,10
beaten,1
yet,14
but,359
is,729
great,53
don,92
know,68
anything,29
else,20
quite,34
like,240
makes,32
hard,41
describe,3
It,190
card,80
time,162
factor,2
no,107
rule,5
book,8
Pro,1
tip,2
work,41
office,1
too,62
long,39
without,38
getting,31
promoted,2
The,289
thing,37
will,116
kill,8
lack,16
distinction,1
between,9
deadly,3
harmless,1
things,83
Bleak,2
Thoughts,2
looks,5
same,41
Instakill,1
good,76
measure,2
could,58
have,223
spawned,1
corner,2
off,25
screen,7
密教,56
模拟器,50
007,2
社畜,11
打工,24
桌面,8
整理,6
前期,24
试错,3
探索,53
时候,25
欢乐,2
中后期,5
重复,42
副本,5
入梦,9
有点,16
坐牢,5
主要,5
过程,25
纯看,1
不会,24
发生,3
随机,5
事件,9
比较,21
无聊,3
周目,6
积累,1
明显,5
明明,2
手下,1
教徒,23
各类,2
人材,1
十几号,1
只能,15
教主,38
砖水,2
论文,4
赚钱,6
全世界,1
旅游,1
河里,1
has,82
talons,1
deep,28
me,114
think,48
can,234
get,144
away,16
10,69
剧情,14
丰富,13
体验,28
不错,15
但是,59
开局,20
内容,34
有时候,3
看运气,1
Brutally,1
difficult,31
die,22
often,16
You,69
win,22
unsatisfactorily,1
unexpectedly,3
may,21
build,12
powerful,2
cult,38
only,78
all,151
come,26
undone,1
quick,8
series,4
unfortunate,1
cards,144
end,38
up,115
sabotaging,1
yourself,27
by,75
choosing,1
incompatible,1
upgrade,3
paths,6
find,41
your,208
path,6
forwards,2
forever,7
barred,1
Most,7
spent,17
watching,8
timers,32
tick,2
down,35
while,44
try,44
keep,50
list,4
future,3
actions,29
mind,32
enough,43
make,63
from,96
dread,21
however,7
captivating,7
lore,103
setting,16
full,8
Lovecraftian,9
If,77
unironically,1
enjoy,33
process,12
sorting,5
large,5
numbers,2
be,229
very,92
pleasing,3
system,10
perfectly,7
laid,1
out,161
On,8
note,5
wish,9
some,92
moving,7
stacking,2
mechanics,64
worked,6
bit,43
better,25
Recommended,3
price,3
pay,5
Best,3
Indie,1
ever,25
朋友,3
推荐,37
喜欢,38
To,7
fair,6
high,5
IQ,1
understand,44
Cultist,66
Simulator,58
Pretentious,2
nonsense,4
would,90
insist,1
being,46
called,3
film,1
if,179
were,29
movie,1
not,225
having,25
tutorial,39
bad,25
sign,1
deal,7
breaker,3
What,16
nothing,24
engaging,12
happens,5
care,6
figure,50
Lots,4
people,28
although,12
myself,11
had,44
issues,12
with,273
their,25
devs,9
previous,8
Sunless,8
Sea,5
because,88
wasn,6
exploring,10
trading,1
they,61
wanted,14
story,46
driven,4
where,43
did,21
explore,18
world,58
none,4
ship,1
captain,1
tropes,1
applied,1
problem,15
here,19
dispenses,1
which,88
means,16
real,32
reason,17
do,144
going,52
eat,3
bowl,2
after,59
plain,1
oatmeal,1
case,7
steak,1
later,16
when,89
feel,67
playing,72
hid,1
stuff,24
ll,63
fire,4
Hidden,1
Folks,1
One,22
my,180
favorite,12
games,91
ve,70
played,47
Incredible,4
writing,51
mixes,1
minimalist,1
telling,7
create,9
infinitely,2
well,42
mystery,14
intrigue,4
Fair,2
warning,4
also,59
perhaps,8
hardest,1
intricate,7
delicate,1
requiring,2
incredible,7
amount,16
skill,1
patience,9
Now,8
beat,7
30,12
times,36
become,12
comfort,2
back,45
again,46
years,14
Listen,1
opening,6
scrawl,1
won,17
always,19
what,196
next,25
Keep,2
experimenting,6
master,7
就算,5
数十,1
最后,19
只是,16
收拾,1
桌子,10
fantastic,10
gem,5
Had,3
blast,2
learning,38
weird,17
funky,1
interactions,3
fun,122
assembling,1
team,6
Ocean,1
11,3
style,16
keeping,7
DL,1
Dream,4
Police,1
character,33
occult,30
research,3
financed,1
entirely,6
sugar,2
daddies,1
lmao,2
want,62
spoil,4
any,74
leave,3
sure,25
look,19
guides,14
own,32
kick,2
Gifted,1
friend,4
hehe,1
Gotta,1
spread,1
love,75
怀疑,4
人生,6
现实,8
世界,28
慎玩,1
一款,16
时间,46
电波,1
rogue,10
卡牌,63
足够,8
神秘学,24
些许,2
兴趣,5
玩家,53
虽然,20
以类,1
苏鲁,18
风格,18
背景,14
世界观,37
本身,17
任何,8
类克,1
恐怖,4
元素,8
strike,20
可以,69
放心大胆,1
挖掘,3
秘史,3
设定,28
入迷,18
关键,1
有趣,17
部分,24
在于,5
这一,4
了解,10
越少,1
因为,23
不足,5
极其,7
容易,21
出现,6
反复,5
bed,3
情况,6
需要,48
耐心,16
支撑,3
spoiler,49
或者,21
万能,1
wiki,56
毕竟,8
几乎,12
没有,59
形式,5
引导,32
一些,19
涉及,1
内剧,1
技巧,4
刚刚,2
游玩,21
总是,7
莫名其妙,3
导致,18
办法,2
继续,6
进行,14
不妨,6
点开,1
看看,9
所有,8
卡槽,6
具有,3
属于,7
自己,65
拥有,5
相同,2
性相,3
才能,16
放进,2
知道,39
哪些,1
相与,1
手牌,2
时限,2
这些,17
某些,5
来不及,1
拖进,2
可用,1
开着,2
界面,4
试试,2
操作失误,1
原本,4
预期,1
大相径庭,1
结果,16
ctrl,1
这是,9
内置,2
工作台,1
甚至,18
作弊,2
这会,1
失去,6
很大,4
一部分,4
乐趣,14
门槛,1
很长,3
一段,1
开始,26
维基百科,1
攻略,31
非常,77
庞大,12
慢慢,9
体会,4
光怪陆离,1
Awesome,2
replay,2
venture,1
dark,6
heart,4
学会,2
拖动,1
上班,10
接下来,2
试着,1
飞升,70
Whew,1
one,107
steepest,1
curves,1
twice,3
damn,4
Fun,10
Soothing,1
might,37
way,83
put,25
music,16
Very,27
loved,5
exile,2
值得,8
深入研究,1
真的,47
优点,8
极为,4
优秀,16
本地化,5
文本,74
宏大,5
诡谲,2
缺点,12
度高,4
流程,16
晦涩,10
不过,20
一点,16
算是,4
代入,5
感强,1
负面效应,1
每轮,1
过长,1
方便,3
后期,21
路线,2
并且,5
节点,1
玩起来,8
疲惫,3
28h,1
教小胜,1
灯教,2
当时,3
玩创,1
启教,2
所以,14
二周目,6
下去,7
铸教小胜,1
铸教,1
大胜,6
三个,6
结局,27
现在,9
已经,23
完全,24
中途,1
想着,2
呜呜,2
一次,23
不想,8
累死,1
阅读,6
排斥,1
感兴趣,5
建议,19
入手,10
新手,57
教学,1
估计,2
一段时间,4
之后,23
笔记本,1
屏幕,4
痛苦,8
一直,20
要是,2
大屏幕,1
TAT,1
购买,5
熟悉,7
好玩,104
上头,10
策略,2
唯一,4
解谜,3
对萌,1
教程,30
每开,2
一把,5
特别,9
三维,4
招人,2
买书要,1
上瘾,5
还有,16
各种各样,1
成就,14
为了,8
某个,2
故意,2
萌新,4
几把,2
基本,10
有些,12
失败,7
解锁,1
长时间,3
除了,5
基础,3
几个,14
DLC,26
拓展,2
玩法,36
麻烦,5
浪费时间,1
打折,7
之前,8
五折,1
六折,1
原价,2
感觉,34
小贵,1
平淡,2
增加,6
其他,10
方式,14
特定,2
故事,19
各种,19
yes,7
interesting,55
实在,12
做成,4
屈尊,1
合成,8
秘传,6
梦里,1
抽卡,3
属性,9
玩多,2
那样,1
套路,3
固定,3
展开,2
写成,2
小说,5
的话,11
洋人,1
修仙,3
单调枯燥,1
内核,2
寓意,2
无穷,1
一步,5
操作,19
果肉,1
饱含,2
汁水,1
可能性,3
涉密,1
能够,8
得知,2
不断,6
尝试,10
掌握,2
其中,6
奥妙,1
been,34
few,46
matter,7
occurrences,1
happen,15
keeps,12
calling,2
In,19
dreams,7
visions,2
fascination,3
consume,4
Its,8
puzzle,18
little,37
attached,2
them,73
requires,15
figuring,20
proper,5
sequences,3
desired,2
about,110
though,32
pause,15
button,6
person,10
wants,9
read,30
Having,1
defeats,2
purpose,1
timer,20
does,32
sense,31
am,29
OK,4
skipping,1
rest,6
对味,2
独特,8
精致,3
创意,8
深度,5
翻译,22
精巧,1
桌面上,3
生计,1
普通,3
打工仔,2
一步步,1
秘闻,1
成立,3
培养,2
信徒,7
仪式,14
最终,6
提供,3
各不相同,2
以及,19
多种,1
胜利,7
足以,1
每次,5
美中不足,2
很多,22
_局,2
正常,4
Y局,2
J真,1
工作,15
安,1
一生,2
@在,1
[,7
中K,1
困y,2
那N,1
什N,2
使,1
追求,8
超凡,2
w升,2
之路,6
遵循,1
秘密,2
躲避,1
追,1
提升,5
自我,2
直到,1
跨^,1
凡人,4
界,1
密教模,1
M器,2
特e,4
主},1
@是,2
道路,3
H,1
]有,6
路,1
教W,2
直接,27
死,1
迷失,2
常有,1
常世中,1
跌跌撞撞,1
N[,1
w,3
啡,1
夥,2
D,1
文字,20
O,1
有神,2
m然,1
美g,1
演出,1
相ι,1
大多,2
到位,2
一,2
精彩,4
一定,13
太漫L,1
一局,4
Y局,1
小r,3
你,1
熟知,1
世之道,1
化,2
不大,1
作I感,1
很重,1
我o,1
好u,1
再也,4
精力,2
展_,1
求道,1
穿越,1
白,1
之T,1
消耗,3
w力,1
容器,1
已疲,1
精神,4
t化,1
u,1
@e,1
通关,18
异教徒,2
那么,10
应该,13
度过,3
略带,1
遗憾,3
华丽,2
战斗,1
精美,1
画面,2
适合,9
绝对,6
打发,1
不二,2
之选,2
design,19
experience,46
freed,2
known,4
walls,9
torn,2
shall,5
fall,7
fail,14
past,12
glimmer,1
victory,27
burn,5
eternal,1
see,41
light,4
thirst,1
Buy,4
learn,43
how,105
write,3
metaphors,1
pinch,1
And,40
召异神,1
逐忌宝,1
信条,1
创密教,1
抛入,1
组成,1
手上,1
卑贱,2
理性,5
两个,9
选择,6
卡池,1
投掷,1
从事,1
健康,9
陷入,1
疾病,2
威胁,1
投入,1
找到,3
一份,3
轻松,1
文职,1
一不小心,2
成会,1
996,9
不是,29
完美,8
选项,2
何况,1
金钱,3
还会,3
时刻,3
随着,4
流逝,5
最大,8
意外,6
来自,4
断章,3
密语,1
艰涩,1
万分,1
即使,4
里面,9
神异,1
扰乱,1
思维,1
教义,3
传说,1
神明,5
低语,1
恐惧,24
情绪,2
主宰,1
不得不,3
书店,3
拍卖行,1
寻找,2
书籍,5
解读,3
周围,1
熟人,2
谈论,1
变得,4
举止,1
神秘,15
行踪,1
可疑,1
以至于,3
警察,10
盯上,1
蛛丝马迹,1
爬满,1
生活,3
黑暗,3
同化,2
吞噬,2
是不是,3
恶龙,2
成为,5
作为,9
悲剧,2
发现,15
宿命,1
应神,1
启示,2
建立,1
召集,1
对抗,1
敌人,1
一次次,2
漫宿,16
惊鸿一瞥,1
超脱,1
上越,1
升越,1
超越,2
后进,1
指引,20
hours,106
28,2
got,29
nearly,5
100,4
mobile,6
deserves,4
more,119
attention,16
than,53
gotten,8
genuine,2
reading,24
worth,27
honestly,7
number,8
go,60
lead,3
winding,1
obsession,1
Fleeting,2
messages,1
queer,1
content,12
queerer,1
arrivals,1
stick,2
accumulating,2
splatters,1
starts,7
until,23
its,69
plaster,1
edifice,1
renders,1
itself,21
legible,1
moment,5
enlightened,1
ask,2
Damn,1
why,15
start,60
every,32
run,45
grinding,16
murdered,1
rival,2
who,26
investigating,1
Then,5
re,110
animated,1
corpse,1
follower,3
sent,2
mission,2
destroy,3
evidence,2
built,6
against,9
Amazing,7
tell,20
评测,8
犹在,1
影中,1
神中神,2
手机,6
几十个,3
小时,36
无论是,3
顶尖,1
文案,14
更是,5
一绝,1
探寻,3
未知,6
art,15
unfolding,1
discovery,11
exploration,14
tone,3
escalates,1
dig,4
deeper,8
doesn,33
much,70
into,91
blank,1
slate,1
table,15
creating,7
scorch,1
marks,2
lightning,1
trees,2
gesture,1
secrets,5
snatching,1
revelations,2
taking,6
using,14
turn,10
zealous,1
followers,8
That,18
said,16
unwinding,1
digging,2
burning,2
...,78
found,14
under,12
pretty,33
empty,4
specific,10
still,41
discover,10
fundamentally,1
management,17
plates,9
spinning,9
kept,3
feeling,13
didn,26
control,5
over,52
those,27
expects,3
grind,33
resources,16
gradually,2
unlucky,4
break,6
lose,19
everything,45
recipe,1
redundancy,1
repetition,4
h1,32
充满,8
欲望,12
冒险游戏,1
精简,1
ui,3
文字量,1
中文,5
原版,1
怪诞,1
展现,2
淋漓尽致,1
骨子里,1
社会,1
少量,1
重复性,8
缺少,4
过多,2
对于,16
邪典,1
爱好者,8
来说,16
不可多得,1
得益于,2
作者,10
文笔,2
确实,14
采访,1
所说,1
一秒钟,1
cg,1
每时每刻,2
不同,18
我们,16
讲述,3
隐藏,5
制作者,2
尽可能,1
减少,2
必然,1
不可抗力,1
搜索,4
同时,11
评分,4
杀手,2
注意,4
thinking,12
planning,2
ahead,5
best,29
teaches,1
Every,9
failure,8
never,24
actually,36
lesson,1
take,47
further,9
gets,21
boring,15
since,14
toes,4
bound,2
hooked,4
Definitely,3
buy,19
play,115
tabletop,7
strategy,9
Few,2
quality,4
composed,1
simple,19
eerie,5
total,4
Part,1
deckbuilder,1
part,26
resource,16
themes,7
interest,2
players,11
many,43
different,53
backgrounds,3
genres,1
Play,7
view,5
creepiness,1
Victorian,2
England,1
takes,17
grow,2
halfway,2
plate,1
represent,2
places,11
etc,2
verbs,2
DO,2
feed,1
new,51
Simple,1
No,14
Not,25
even,73
close,5
For,11
such,18
interface,5
lot,70
experimentation,12
fumbling,4
around,30
feels,37
trying,47
arcane,2
details,3
prayer,1
elder,2
god,3
So,15
yeah,3
100%,5
appropriate,3
brilliant,3
worldbuilding,9
idea,31
doing,50
音乐,8
满分,4
OST,1
晚上,5
写作,1
让我学,1
顺便,3
仿照,3
这写,1
尼采,2
哲学,1
游戏性,11
算不上,1
神作,3
算作,1
精品,2
无所谓,1
玩游戏,2
摸索,20
大部分,8
来讲,4
友好,8
现象,2
新人,3
角度,2
不去,2
难度,8
漫无目的,1
躁动,3
虽说,5
ROGUE,1
实际上,3
理解,10
带有,4
影响,13
线性,2
不少,3
角色,7
其实,11
一样,9
熟练,4
可玩性,6
大大,1
下降,1
ROGUELIKE,1
置入,1
激情,9
Delightful,1
Deceptively,1
deceptively,1
complex,13
An,4
Absolute,1
add,8
imagination,5
awesome,4
generator,2
example,4
hired,2
bomb,2
maker,1
hireling,2
took,11
younger,1
text,21
convey,2
happened,5
detail,4
hit,4
him,7
car,1
outside,4
bar,2
Be,4
warned,2
hold,8
hand,20
probably,27
through,52
reference,3
last,13
Highly,3
recommend,74
most,39
impressive,2
aspects,13
storytelling,10
features,3
rich,11
narrative,17
unfolds,1
progress,36
excellent,10
foreboding,1
unease,1
permeating,1
aspect,9
Players,2
themselves,4
drawn,4
incredibly,15
satisfying,10
noteworthy,1
distinctive,1
aesthetic,6
complements,1
sound,11
evocative,3
soundtrack,9
adds,7
overall,7
atmosphere,21
potential,4
drawback,1
steep,6
curve,13
challenging,6
systems,7
navigate,2
However,16
willing,11
invest,1
effort,6
intricacies,1
rewards,2
爱是,1
战争,1
prioritizing,1
self,4
midst,1
fast,8
paced,3
competitive,1
environment,1
worst,7
gameplay,66
bumble,1
messing,2
completely,16
lost,12
together,19
lego,1
set,11
pictures,2
extremely,16
vague,3
paragraphs,2
describing,1
pieces,7
snap,2
cause,4
cool,21
someone,16
esoteric,13
是,5
STEEP,1
victories,4
sweeter,1
cultist,16
theme,6
difficulty,10
punishing,3
rewarding,16
puzzles,7
then,63
please,3
give,38
Great,10
core,17
loop,12
acquire,2
level,15
fragments,4
Plus,2
need,51
certain,17
temporary,2
ones,7
trial,14
error,15
wasting,6
or,166
checking,2
seem,10
abstract,4
came,6
big,15
once,39
figured,6
chill,2
relax,1
Disappointing,3
exhausing,1
excavation,1
somebody,1
玩成,2
勤勤恳恳,2
不如,7
描述,4
模糊,1
某种意义,3
摸不着头脑,1
那些,9
日子,1
设置,4
自动,7
想到,3
一周,8
居然,5
多少,7
离谱,1
可看性,1
大于,2
而且,13
比起,3
本体,6
未免,1
太贵,1
桌游,23
题材,14
就值,2
both,12
pc,2
port,2
bought,8
concept,13
hints,7
advance,5
guess,11
books,9
explanation,6
tedious,14
micromanaging,2
disappear,3
reasons,5
Once,12
grindy,19
死亡,5
使徒,12
舞女,3
介壳,1
月亮,1
居屋,4
完成,5
相当,12
可能,19
怎么,31
莫名,3
格子,1
道具,1
问题,17
有意思,10
长篇,1
含义,3
神韵,1
量身定做,1
当然,9
挫折,1
艰险,1
心态,6
不死个,1
四五次,1
每天,4
累死累活,1
挣钱,3
养活,4
起来,6
原来,3
老死,1
果然,2
厉害,5
邪教,15
感恩,1
Incredibly,3
frustrating,38
People,2
online,5
coy,1
相比,2
传统,4
sunless,2
sea,2
这种,18
目前,7
反而,3
舒适,3
也许,8
年纪,1
anyway,6
80,1
90%,3
好评,9
属实,4
总体,5
缺陷,4
机制,25
初期,1
眼前一亮,1
玩久,3
平庸,1
那种,6
受众,1
大概,11
对克,1
之类,8
有瘾,1
不了,4
多久,2
个人,7
先不买,1
乏味,3
不能,32
拯救,1
然而,8
一次性,1
买齐,1
无法,7
后悔,1
性质,2
小游戏,1
分是,1
不然,7
骗到,1
正体,1
方面,12
中轨,1
中距,1
交互,1
特效,1
还行,1
避免,2
体量,5
有点像,1
类型,3
功夫,2
痕迹,1
在内,1
颇具,2
类似,4
每个,8
特质,1
label,3
一起,4
作业,6
互动,8
结合,4
密教大,2
头头,1
氛围,14
一旦,1
组合,4
变成,9
资源,2
累积,1
机械,2
支持,3
自动化,1
比如,7
勾选框,1
勾选,1
重新,7
同样,3
素材,4
优化,8
程度,3
提高,1
实施,1
制作组,4
第一次,9
开发,3
受到,1
后果,1
感受,4
被迫,1
电脑前,1
时不时,2
手动,2
操作电脑,1
致命,2
不好,5
怎么弄,1
参考,2
放置,4
等等,2
各个方面,1
用心,2
制作,6
略显,2
考虑不周,1
实际,2
不多,2
状态,2
价格,2
对不起,1
Difficult,3
first,71
somewhat,6
general,6
easy,17
Also,13
cults,3
ascentions,1
especially,16
dlcs,3
Music,1
存档,28
覆盖,3
save,12
关掉,1
网络,1
依然,3
steam,12
auto,3
cloud,1
上网,1
云个,1
有时,2
成功,13
官方,4
禁止,1
sl,1
一脚,1
tm,5
升值,1
加薪,1
打出,4
gg,3
回头,1
回档,2
不认,1
铁了心,1
开新档,1
absolutely,18
amazing,11
unique,31
graphic,1
perfection,1
SO,3
MUCH,1
Yet,3
types,2
numerous,1
enjoying,6
lol,5
direct,1
guidance,8
Figuring,5
fan,11
layers,1
immersion,3
felt,12
mysterious,11
sounds,7
highly,8
Amazingly,1
addicting,10
plot,2
points,4
used,9
actual,11
HP,2
lovecraft,2
fairly,6
obtuse,17
buying,4
genuinely,3
likely,9
DLCs,4
priced,1
sort,10
Sublime,1
Don,13
life,29
Read,3
carefully,2
court,1
doom,2
年轻人,1
第一款,1
一位,4
资深,1
本作,10
经营,8
类卡牌,3
入坑,3
hr,4
叙事,15
无疑,4
语言,5
符号,1
纽带,1
构建,8
无形,4
之术,3
窥探,1
一隅,1
解密,5
枯燥,6
节奏,2
过于,3
缓慢,1
暴露,1
总的来说,3
缺乏,7
nice,11
horrible,3
picking,5
activities,2
highlighted,2
usable,2
holding,4
derive,1
enjoyment,6
clicking,4
dragging,3
highlights,2
isn,31
odd,4
mid,8
late,6
manually,4
organizing,3
million,1
losing,10
track,18
pulling,3
hair,1
accidentally,2
commit,2
other,61
action,26
thought,8
among,1
expired,2
change,11
selection,1
fundamental,2
should,26
available,4
health,7
passion,5
funds,6
UI,23
bars,2
similar,4
handle,2
Health,2
Points,2
Mana,1
locations,1
kind,23
map,3
inventory,2
fucking,5
menu,1
Nope,1
instead,26
these,10
massive,5
hope,10
majority,3
comes,9
managing,5
challenges,3
Seriously,2
seems,25
cruel,1
joke,1
Do,11
waste,4
money,20
如此,5
习惯,2
活着,1
愿意,4
以下,3
代表,8
观点,1
最让人,1
三十个,3
吸引,7
究极,1
谜语,4
存在,6
刚进,1
愉悦,2
bushi,1
接踵而来,1
暴毙,4
成就感,3
吸引力,2
认真,1
如何,13
消除,4
debuff,1
留意,2
召唤,5
繁复,3
中期,2
研究,13
循环,1
准备,1
好后,1
好像,1
踏入,1
仰视,1
诸神,1
翻阅,1
秘典,1
擢升,1
猎人,3
和长生,1
打赢,1
QAQ,1
勾心斗角,1
难道,3
不值,1
35,1
作对,1
整整,1
远征,1
回来,3
卡点,1
调查,1
毁灭,1
证据,7
非洲人,1
吊差,1
以前,2
GOG,1
摸鱼,1
这么,9
讲真,1
要不是,2
塑造,6
出来,12
禁忌,2
知识,4
成神,4
两版,1
Pretty,3
dont,4
deck,5
use,26
events,20
progressing,4
tho,3
several,10
sucks,6
knowing,9
Can,8
Good,17
delivery,1
slightly,3
lacking,1
Overall,6
calm,1
meditative,1
15,7
hrs,3
slow,14
careful,7
playthrough,14
less,16
risks,7
教头,3
unhelpful,2
其他人,2
明白,20
NPC,2
谈恋爱,6
阴暗,2
浪漫,1
还好,3
偷偷,1
老公,1
doi,1
接着,2
突然,7
出去,1
人头,1
完事,2
看着,4
七零八落,1
行尸,2
情意,1
浓浓的,1
时节,5
保养,1
侍奉,1
司辰,14
漫宿里,1
相见,1
而已,2
四局,1
上边,1
纯纯,2
下班,1
交钱,2
活命,1
模拟,5
adore,1
everyone,16
Sim,8
plays,3
based,23
board,22
heavy,5
emphasis,4
putting,3
fires,1
drip,3
fed,2
item,3
descriptions,6
steps,4
developed,2
internally,1
consistent,2
underground,1
scrape,1
whatever,5
small,5
knowledge,10
piece,9
harness,1
diving,2
Reading,1
mandatory,1
theorizing,1
draw,2
connections,2
deeply,7
intentionally,3
obfuscated,1
frustration,12
made,25
worse,5
fact,14
successful,1
defeat,5
wipe,1
major,13
flaw,4
bounced,1
three,9
four,4
before,32
stuck,9
waiting,17
enjoyed,13
House,1
Leaves,1
Underhanded,1
phone,6
Fallen,6
London,8
stories,6
Lovecraft,7
shot,6
There,48
another,21
coming,11
months,2
excited,1
type,13
torture,2
hate,10
twenty,1
hour,12
32,1
realize,9
elaborate,1
Indoctrination,1
scheme,1
exists,2
fuck,1
psyche,2
solid,3
intriguing,8
Only,5
sun,123
tHE,1
SUN,9
THE,19
SU,1
辛辛苦苦,3
整了,1
组织,1
招募,2
一堆,2
不仅,4
没法,4
他们,10
会费,1
经费,1
When,18
gave,2
negative,5
review,23
frustrated,5
drive,7
discovered,3
updated,1
thumbs,4
changing,2
involves,2
plugging,1
boxes,4
processed,1
flavour,8
strips,1
hoping,8
peripheral,1
finished,1
multiple,13
saying,2
nasty,1
habit,2
achievements,4
repetitive,19
Maybe,10
fresh,3
anyone,15
physically,3
cant,1
stop,15
head,13
remove,3
skin,5
body,2
无趣,1
沉迷于,1
天才,1
之作,3
期待,5
续作,1
废土,2
后世,2
依旧,1
早年间,1
深刻,1
进而,1
走上,1
创教,3
居民,1
十分,4
根本,7
停不下来,6
definitely,16
..,6
相对,4
完备,1
一坨,1
不说,1
概率,4
太多太多,1
尤其,6
走钢丝,1
还原,2
成道,1
困难,3
随便,4
两三张,1
远胜,1
人类,4
长生,5
必要,2
地方,7
简单,7
冗长,4
上上下下,1
100h,1
下来,4
东西,13
屈指可数,1
上面,3
折磨,5
硬撑,1
罢了,2
relationship,2
except,9
commonly,1
Dark,4
Souls,4
comparison,2
above,2
shit,10
main,11
special,7
knows,7
punish,3
drenched,1
mystique,3
point,23
possible,13
prepared,5
crush,1
specifically,3
call,4
New,5
aren,6
ended,8
Where,4
matters,4
Standard,1
effectively,1
added,2
condition,1
boost,1
Here,1
explains,2
solve,8
riddle,1
crack,2
punishment,1
Because,6
ONLY,1
runs,15
immediately,4
beating,3
standard,7
chance,6
20,17
Magnets,1
magnet,2
pulls,2
slot,9
whatsoever,6
pick,12
totally,3
invulnerable,1
investigators,1
misdirecting,1
hurts,1
items,9
wrong,14
Fascination,6
Dread,8
These,2
two,13
opposite,2
each,33
generally,2
represents,1
mania,1
depression,4
disillusion,1
timed,2
associated,2
worsens,1
improves,1
common,3
60,9
second,18
countdown,3
mods,3
usually,10
say,28
maybe,12
dozen,2
blatantly,1
cheating,3
CTRL,1
tic,2
opens,1
console,4
cjb,1
动不动,2
极差,1
endlessly,2
fascinating,12
forty,1
attain,1
constantly,15
engaged,3
mysteries,9
engrossing,1
ruining,3
premise,6
least,14
let,15
With,10
characters,3
permanent,1
death,11
roguelite,1
assure,1
disservice,2
various,8
playthroughs,10
simply,13
designed,2
analogy,1
language,4
equivalent,2
rubik,1
cube,1
told,6
conventional,1
information,9
presented,5
random,19
scribblings,1
recognize,2
tiles,3
demanding,1
parts,8
clues,3
proceed,3
My,22
unceremoniously,1
expect,6
sight,2
achieve,5
confuse,3
torment,1
somehow,8
masterpiece,6
Look,3
works,25
decipher,2
Even,10
achieving,3
wait,11
Exciting,1
despite,10
visuals,4
flavor,7
impeccable,1
tense,1
brain,11
共情,1
太多,5
有种,2
虚幻,1
platform,1
plenty,4
handy,1
Probably,2
genre,6
亲自,1
教团,3
简直,4
人间,1
之鉴,1
泪目,1
过差,1
refuses,2
guide,16
Runs,1
afterwards,4
unless,8
hardcore,1
masochist,1
urge,1
pursue,1
scientific,1
field,2
expected,8
Aspects,1
plus,1
minus,1
others,6
experiment,12
Brutal,1
loss,2
deliver,2
crazy,6
obsessive,2
url,16
store,6
steampowered,2
com,10
https,15
www,2
bilibili,2
video,11
BV1VT41157Yt,1
大家,3
Obtuse,1
profile,1
pic,1
received,1
leaves,2
devices,1
Extremely,2
gratifying,1
eventually,11
conquer,2
Punishing,2
Some,15
prose,2
gaming,7
period,2
occupies,1
frequently,2
Wayyy,1
micromanagement,4
BS,1
Neat,3
artsy,1
truest,1
word,3
squid,1
racism,1
unknowable,2
terrifying,2
alluring,1
folks,1
fits,3
cast,1
improper,1
fit,4
777,1
西瓜,4
这口,1
真服了,1
难死,1
Bought,2
struck,2
fever,2
spend,16
night,7
shivering,1
bathroom,1
floor,1
hallucinating,1
refund,6
days,7
12,4
straight,1
enchanted,1
lifeforce,1
drained,1
indie,4
蛮有意思,2
牛得,1
depending,4
Games,3
lengthy,1
honest,4
periods,1
touching,1
mostly,11
due,8
early,7
something,54
aware,3
prefer,3
lots,6
eye,5
catching,1
held,1
ios,1
下载,1
玩过,3
这次,1
扩展,1
深沉,1
addictive,12
launch,1
finds,1
safely,2
discovering,5
vaults,2
uses,2
dungeons,1
vault,1
page,4
help,20
consuming,3
idle,5
air,2
completing,2
obsessed,2
Completing,1
continue,5
return,3
periodically,1
five,1
Perfect,2
堂堂,2
还要,6
天天,2
combines,2
Tarot,2
needlessly,5
obscure,10
incomplete,1
thus,1
realistic,1
building,13
satisfaction,2
hunt,1
mundane,2
filled,6
Cioran,1
esque,1
aphorisms,1
broader,1
season,3
Before,1
couldn,9
singleplayer,1
predominantly,1
Thank,1
unlocking,1
ability,7
within,11
表现形式,3
符合,2
不好玩,4
体现,3
单调,2
使得,3
漫长,1
无聊乏味,1
恨不得,1
转动,1
进度,3
走快,1
然后,13
遇到,4
重玩,2
希望,17
作品,12
Book,4
Hours,8
更进一步,1
挺好玩,6
终于,4
卡片,9
怎么样,1
满足条件,1
使用,1
告诉,3
限制,3
经常,3
消失,5
差评,5
这恰,1
特色,3
之一,7
通过,9
奇妙,4
游戏规则,1
正如,1
主角,3
平平,1
无奇,1
有志,2
青年,4
危机四伏,1
朦胧,2
诱人,2
领域,1
逐步,1
顶级,2
网文,5
苗床,1
PC,7
BUG,7
along,9
updating,1
almost,16
cannot,13
感拉满,1
运营,3
下本,1
板块,1
补充,5
泄露,1
Need,2
Chinese,4
AKBOH,1
骄傲,1
历历在目,1
骄阳,3
眼泪,1
流淌,1
依稀记得,1
大妈,2
大敌,1
弗尔,1
展馆,1
直播,1
蠕虫,3
首发,1
Lovingly,1
written,14
labyrinth,2
越玩越,1
一打,1
十小时,1
consider,5
veteran,1
gamer,1
daily,1
wide,2
range,2
nature,7
affect,2
effect,2
deckbuilding,1
understanding,10
mistery,3
reliving,1
focal,1
experiencing,2
Try,4
stay,2
alive,2
At,10
day,8
stays,3
accomplished,2
sale,9
watch,5
dying,7
heck,3
involved,2
whole,16
stimulation,1
listen,1
class,1
lecture,1
background,3
pointless,4
gives,7
minimum,2
reward,7
moves,6
consistently,4
fool,1
delivers,1
aesthetics,3
pure,4
令人,11
沉迷,3
warrants,1
responses,1
dealing,4
heavily,4
HEAVILY,1
relies,2
willingness,2
fine,5
rely,2
combining,3
rhythm,3
logic,4
restart,6
retain,1
Essentially,2
combinations,7
remember,9
pairings,2
explored,2
pairing,1
examine,2
Consider,1
combination,8
says,6
All,11
helps,4
immensely,1
Yes,3
ways,18
reliable,3
manage,7
issue,7
possibilities,3
focus,3
Granted,1
exhaust,1
particular,6
element,2
dedicated,1
complete,11
disappointed,1
Lastly,1
sometimes,19
drop,3
tables,2
objection,1
alert,3
rare,2
googling,1
stinks,1
wouldn,7
seen,3
Still,1
tiny,5
bits,3
seeing,6
amassing,1
library,5
probing,1
mythos,3
pull,3
post,1
warnings,2
talk,3
explain,4
Knock,2
glean,1
Mansus,17
greatly,2
favourites,1
advice,5
buyers,1
tells,6
vital,3
Slowly,1
warm,1
fuzzy,1
solving,3
survive,3
afraid,1
move,5
Sometimes,4
hopeless,1
stagnant,1
finding,10
creative,5
solution,2
predicament,1
settled,1
READ,1
Alexis,5
Kennedy,4
writers,2
currently,1
wordiness,1
Conversely,1
shallow,3
ambience,3
While,9
helpful,5
avoid,7
learned,4
reduce,1
worrying,1
continued,1
Recent,1
updates,4
improved,1
hugely,1
looking,15
forward,7
releasing,1
year,1
TTRPG,1
counterpart,1
Lady,4
Afterwards,4
testament,1
luck,11
cultists,2
running,10
annoying,10
detective,1
rivalry,1
reminder,1
fragility,1
mortal,3
existence,4
ultimate,1
power,3
cosmic,6
forces,4
govern,1
universe,7
Labor,1
Love,4
date,2
npc,1
man,6
innovative,3
offers,5
truly,11
elements,13
immersive,3
graphics,3
effective,3
minimalistic,2
allows,3
center,2
stage,4
effects,6
atmospheric,3
vibe,5
perfect,7
must,12
strategically,1
gather,1
perform,2
rituals,6
superb,1
uncover,7
endings,16
adding,2
layer,3
replayability,5
complexity,5
intimidating,1
ultimately,5
unlock,6
abilities,2
unfair,3
balanced,1
Finally,5
community,4
active,3
frequent,2
ensures,2
exciting,1
exceptional,1
captivate,2
HIGHLY,1
RECOMMEND,1
Was,4
coworkers,1
trials,2
tribulations,1
growing,2
forgot,3
He,3
distant,1
results,12
decent,5
result,4
failed,3
machine,3
福音,1
不太,4
强烈,4
各路,1
食用,1
记得,1
紧迫,1
放到,1
显眼,1
位置,1
Sounds,1
practice,3
chore,3
payoff,1
confusing,13
fond,2
couple,6
decisions,4
受众面,1
好球,1
区上,1
怪力乱神,2
包括,2
限于,1
COC,1
复杂,5
选手,1
cat,2
caro,1
girl,1
hao,1
laggy,2
compelling,10
options,10
slowly,8
gently,1
surrounds,1
silent,1
fog,1
immersed,1
creepy,2
确保,1
大块,1
空闲,1
极易,1
善用,1
生来,2
注定,2
辉光,6
一如,2
火花,2
向上,2
飞舞,2
peacock,1
door,6
Outstanding,1
original,4
brings,1
soul,3
adrift,1
strange,5
topic,1
BIT,1
explained,3
conceptual,1
beginners,2
overwhelmed,4
impenetrable,2
tabs,1
open,15
pursued,1
minor,6
achieved,1
otherwise,4
step,6
enthusiasm,1
towards,4
unintelligible,1
点心,1
得到,7
第五,1
诅咒,6
解除,1
波比,2
谈话,2
本来,5
打算,2
脑子,1
对话框,1
放在,2
边缘,1
中间,1
约定,1
refreshingly,1
dragged,1
constant,6
tedium,5
seconds,9
AND,3
insta,1
scenario,2
distracting,2
prevents,1
shining,1
Video,1
Game,16
Perhaps,4
Disco,1
Elysium,1
Hope,2
BOOK,1
OF,2
HOURS,3
Super,2
drags,2
sinks,1
occultism,2
常,1
归于,2
伟大,2
ak,3
cs,1
平时,2
言行举止,1
不要,12
以为,4
眼睛,1
出错,1
真性情,1
保持,1
这份,2
直率,1
严格要求,1
谨言慎行,1
早点,1
boh,1
早日,1
object,6
clue,9
Learning,2
basic,9
description,2
hell,7
suppose,3
Without,2
objective,5
correctly,3
Going,4
Youtube,1
irritated,1
near,4
Steam,11
imo,3
REALLY,5
depends,2
namely,1
whether,6
eldritch,4
risk,3
upon,3
riddles,1
Oh,5
trippy,1
influence,4
mean,8
As,17
Earl,1
Trash,1
stranger,2
indulging,1
recreational,1
activity,5
altered,1
state,3
hidden,10
uncovering,2
secret,4
truths,2
vivid,1
intense,1
heard,4
transported,1
dimension,1
altogether,2
disorienting,1
But,42
dream,4
happening,6
finally,8
meaningful,5
unlocked,2
nobody,1
adventurous,2
Just,14
wild,1
ride,3
faint,1
challenge,8
dive,3
headfirst,1
Let,2
we,10
friends,4
Since,1
taste,3
positives,2
negatives,2
decide,5
Positives,1
unlike,4
souls,1
elden,1
ring,1
giving,9
vast,3
provided,2
ua,1
easily,8
readable,2
Negatives,1
becomes,13
trivial,1
ascensions,1
terms,6
progression,9
unfortunately,1
base,2
ending,12
bigger,2
shame,4
curious,5
given,11
studio,1
forgive,2
refreshing,3
mindless,1
repeat,8
requirements,3
winning,6
Exile,6
fixes,2
randomness,4
rather,6
thrilling,2
stress,3
popular,1
之多,1
灰机,1
详细,1
注释,2
譬如,2
功能性,1
分支,1
如消,1
邪名,10
再来,1
不明不白,1
过后,2
5H,1
阅读障碍,1
劝退,3
一部,3
脑补,1
能力,1
杀戮,3
尖塔,3
怪物,1
火车,1
目的性,1
主导,1
rouge,1
像是,5
点线面,1
构成,1
扁平化,1
极乐,1
迪斯科,1
目的,3
为什么,22
缺失,7
试玩,1
时之书,2
仔细,2
品味,2
搭建,1
逐一,1
正反馈,3
有利有弊,1
较为,3
原因,6
碎片,3
串联,1
情感,2
细腻,1
每一件,1
物品,3
看似,3
毫不相关,1
进展,2
渐渐,2
清晰,1
民俗学,1
众多,1
似乎,3
魔力,1
第一人称,1
视角,2
而是,11
上帝,1
观察,1
琉璃球,1
或者说,2
全知全能,1
Esoteric,2
tingle,1
tmd,4
高数,1
挂科,1
collect,4
irl,1
ridiculous,1
More,1
tickles,2
appreciate,4
enthralling,1
mystifying,1
recall,2
started,12
Wiki,3
achievement,2
whore,1
legacies,1
carry,4
albeit,2
cleared,2
command,2
manipulate,2
Honestly,6
liberally,1
scum,1
diverging,1
considering,3
sheer,3
legitimate,1
completed,2
ashamed,2
collecting,5
data,1
hook,2
Wonderful,2
stupidly,1
personally,5
summed,2
十足,2
很难,9
玩会,1
只有,5
mod,7
修改,1
稍微,1
改善,2
tutorials,4
enhance,1
logical,6
minotaur,1
awaits,1
non,2
living,3
joking,1
During,1
playtime,4
despair,9
quickly,12
naturally,1
leading,3
lifetime,1
subscription,2
component,1
anti,1
depressants,1
bet,1
inverse,1
Your,6
saw,3
resolved,1
knife,3
tac,1
toe,3
wrists,2
stable,2
pattern,1
performing,1
Any,1
form,7
horribly,2
dangerous,1
temptation,1
simulator,12
How,2
WITHOUT,2
harm,1
refuse,2
tools,1
rules,12
ready,4
rob,1
missing,3
critical,2
easier,2
someday,1
supposed,14
midgame,6
borderline,3
sociopathic,1
wall,6
neat,5
execution,8
poor,7
commitments,1
month,2
super,7
eldritchy,1
Theres,1
lotta,2
thats,4
basically,10
gotta,1
interweaved,1
XD,3
favorites,2
tough,2
certainly,8
roguelike,5
lite,1
particularly,5
important,7
minutes,13
starting,8
true,4
rng,3
partially,1
Final,2
agree,2
talking,6
dare,2
做好,2
加上,5
准确,1
让玩家,4
无师自通,1
一会,4
Falls,1
flat,2
boil,1
rhyme,1
太坑,1
好久,1
一头雾水,3
需谨慎,1
垃圾,6
别提,1
忍住,1
坚持,3
深奥,1
全是,4
劳动,2
无非,1
拉屎,4
区别,6
畅快,1
低级,2
中级,1
高级,3
压迫,2
肛门,1
括约肌,1
帮助,3
折腾,1
半天,4
千篇一律,1
找个,1
班上,2
上手,6
无情,1
爆锤,1
后台,2
一边,5
白天,2
当社畜,2
传教,1
旺盛,1
算不算,1
另类,1
galgame,1
surprisingly,2
Would,5
interested,11
following,4
course,13
mysticism,2
Cryptic,3
Ideal,1
lorediggers,1
theorizers,1
样子,1
美工,2
回合制,1
总之,5
凭着,1
本能,1
反正,2
肯定,4
维持,2
日常生活,1
毛病,1
心里,1
我试,1
手忙脚乱,1
失效,1
哪里,2
干什么,3
好方,1
ago,4
dropped,2
recently,3
stages,2
wonder,2
literature,2
fight,4
finish,9
faithful,1
simulation,2
job,11
sanity,4
businesses,1
一时,1
精疲力尽,1
火葬场,1
担心,3
于是,2
机会,1
各个,3
分身乏术,1
一气之下,1
打开,14
无从下手,1
狂热,3
慎重考虑,2
orz,2
Needs,2
basics,1
beyond,6
宠爱,1
自已,1
forewarning,1
INCREDIBLY,1
Sure,3
leaders,1
caught,3
footsteps,1
changes,3
Personally,2
terrible,5
branching,2
insane,6
trick,2
difficulties,1
aside,6
frustrations,4
铸飞,2
后来,4
逐渐,3
再开,2
一盘,1
不高,1
dlc,17
搞花活,1
Addicting,4
done,13
jumped,1
windows,3
countless,1
succumbing,1
managed,5
functioning,1
kills,2
himself,1
Sadboi,1
strong,5
单片,1
眼镜,1
jpg,3
康妮,4
Cult,3
Uh,1
physical,3
complicated,6
Gloomhaven,1
Aeons,1
End,1
insanity,4
authorities,2
researching,1
working,12
dreaming,2
organising,2
tomb,2
raids,1
manipulation,1
files,3
mad,3
catch,2
secretly,1
Speaking,1
knocked,1
park,1
tastes,1
Cthulhu,3
admit,3
sim,1
pages,2
obvious,4
intuitive,6
follow,2
upgrading,1
hang,5
Moth,1
manuscripts,1
patrons,1
Those,1
tips,3
Have,3
flesh,4
existing,3
Manus,2
43,1
reach,3
contentment,5
needing,4
Hard,3
clear,10
盗版,4
补上票,1
正儿八经,1
评价,4
看起来,1
目标,1
对应,5
重重,2
历史,3
巧妙,3
书写,2
优美,1
沉浸,6
steamthumbsup,1
dull,1
Wouldn,1
多个,2
烦人,1
全部,3
木大,1
别的,4
rougelike,2
周期,1
合理,1
从不,2
确凿证据,1
四趟,1
骑士,1
小屋,1
人情,3
疯狂,6
拼命,1
苏姐,1
对话,2
五六次,1
用不上,1
拿下,1
前功尽弃,1
500,1
iq,1
新手入门,1
由于,1
显得,2
另外,4
控制台,4
拼搏,1
锐减,1
除非,1
精通,3
该游戏,2
速通,1
acknowledge,1
advertises,1
deliberately,3
directions,1
objectives,4
indicators,1
far,17
hostile,1
beginning,8
player,21
compounded,1
collectively,1
incentive,1
engage,3
universally,2
receives,1
praise,2
Nearly,1
facet,1
hurt,2
cycle,8
described,2
initial,4
phase,5
pooling,1
vary,1
legacy,2
choose,5
proceeds,2
inconsistent,2
durations,1
intrusion,1
necessitate,1
pausing,2
flow,3
larger,2
goals,5
depth,6
choices,8
necessary,6
conditions,6
making,11
incremental,1
discoveries,1
subsequent,1
attempts,4
handful,1
omen,1
investment,1
current,3
user,5
clunky,3
tend,3
generate,2
top,10
spawn,3
frame,2
stackable,2
stack,3
option,2
occasionally,4
automatic,1
defined,1
criminal,1
attempting,3
relate,1
disorganisation,1
chaos,1
obnoxious,1
attribute,1
texts,4
sensitive,2
discourages,1
paying,4
Stockholm,1
syndrome,1
brand,3
curiosity,3
actively,2
seek,2
short,6
tracklist,1
monotony,3
Addendum,1
assumption,1
lategame,2
generous,2
fulfilling,1
require,4
methods,2
obtaining,1
remain,3
monotonous,2
Farming,1
Secret,1
Histories,5
via,5
Ways,1
Frangiclave,2
tool,3
broken,4
Vault,2
Obstacles,1
overcome,2
Acquiring,1
final,4
boils,3
repeating,4
artificially,1
Hunters,2
Illnesses,1
longer,5
pose,2
threats,1
remains,3
accomplishment,1
successfully,4
ideas,5
disappointing,2
恋爱,4
严重,1
浪费,2
Ctrl,1
负责,1
无效,1
DLL,1
模组,1
牛批,1
Challenging,1
lateral,1
obstacles,1
Simlulator,1
Gameplay,6
enter,2
essential,3
tasks,9
saves,2
ALOT,1
brainpower,1
basegame,1
behavior,1
instantly,1
material,1
工人,6
shouldn,2
flaws,4
encourage,3
loops,1
--,16
alerts,1
huge,5
partake,1
place,13
repeated,3
literally,11
screw,2
irreversible,1
pain,4
punished,3
95%,2
5%,1
perma,2
punishments,1
mistakes,3
tight,1
pisses,1
不早,1
教派,3
opened,2
box,7
our,2
pleasures,1
cit,1
美丽,3
迷人,2
背后,3
浩瀚,1
一会儿,2
过去,3
食尸,9
枯燥无味,2
查询,1
极难,1
入门,4
总体而言,2
几条,1
undercuts,1
zooming,1
scrolling,2
location,3
shortcuts,2
mechanical,2
either,6
mashing,2
double,1
speed,4
sitting,3
bored,6
regular,1
grindiness,1
encourages,3
ignore,1
encouraged,1
mindlessly,2
AM,1
tomorrow,1
AGAIN,2
冷门,1
拜请,2
白日,1
铸炉,4
热力,1
能触,1
冬促,1
中评,1
较长时间,1
优缺点,2
大伙,1
差不多,3
一件,1
先要,1
网上,3
说明,4
极少,1
谨记,1
下一作,1
之书,3
有所,2
改变,2
Plate,2
进去,4
查阅,1
大多数,2
阶段,2
大量,8
意义,4
强大,1
文化,5
团队,3
上升,1
高度,3
尼玛,2
手痛,1
程序员,1
回去,1
学学,1
献祭,4
itll,1
drain,2
youre,1
youll,1
Although,3
session,2
send,4
expedition,5
Or,8
expeditions,6
edit,1
click,8
bundle,4
edition,1
included,1
defense,1
computer,4
marked,1
assumes,1
separate,1
pen,2
paper,3
refusing,1
mistaken,1
purchase,1
asking,2
possibility,1
window,4
refunds,1
EDIT,1
initially,4
left,19
misleading,1
unexpected,2
able,9
customer,1
clicked,1
lovers,2
无光,6
之海,7
德行,1
不行,7
诠释,1
一切都在,1
语焉不详,2
诗意,2
猝不及防,1
毫无,1
逻辑,3
收场,2
结束,4
关系,3
附上,2
你们,6
一本,1
扎尔,1
辞典,1
来装,1
何必,2
惊艳,2
诚意,1
汉化,12
很棒,2
称得上,2
光是,2
价值,2
不足之处,1
隐蔽,1
许多,6
一遍,6
相关,3
单局,1
而存,1
读档,2
考验,1
不可,4
错过,5
joy,4
挑人,1
不感兴趣,2
慎入,2
欣赏,1
考究,1
典雅,1
认为,2
成本,3
上来,2
面对,4
用处,2
意思,2
清楚,3
推进,3
绝望,12
无助,1
迅速,1
解决,3
想要,3
篇篇,1
......,6
繁琐,6
说头,1
像框,1
过头,1
万万,1
没想到,1
克系,8
卑微,1
牛马,1
幸好,1
刀子,1
疯子,1
婊子,1
对付,1
上司,3
方法,3
真多,1
最苦,1
苦海,1
无度,1
杯飞,2
身份,1
捣乱,1
.......,3
近在咫尺,1
质料,1
渗入,1
添光,1
看到,8
守夜人,5
光芒,1
远方,1
一片,2
蓝色,1
闪耀,1
潜在,1
海面,1
太阳,4
LIGHT,1
LEAKS,1
THROUGH,1
CRACKS,1
SEE,3
BEYOND,1
VEIL,1
MY,1
MIND,1
SHINES,1
EVER,2
BRIGHTER,1
流亡者,8
整体,2
基本上,2
一致,1
读书,2
探险,3
其次,1
随机性,3
不到,7
百分之百,1
一方面,1
考虑,5
极端,3
脸黑,1
出过,1
多次,4
连续,2
越堆,1
另一方面,1
道关,1
每道关,1
数值,1
堆满,1
成功率,1
算下来,1
25%,1
关卡,1
惩罚,1
金币,2
受伤,1
赶紧,1
治人,1
人去,1
白白,1
吃掉,1
总而言之,1
留下,1
惊喜,1
血压,2
碎碎念,1
密传,7
升级,8
太慢,1
一大堆,3
无用,1
30s,2
通悟,1
要么,6
拉长,1
缩短,1
没什么,3
太强,1
连在一起,1
BGM,1
美术,2
没拉跨,1
玩死,1
二三十,1
时期,2
心理准备,1
真玩,1
偏偏,2
排列组合,2
规则,7
多且,1
繁杂,2
看得人,1
累人,2
赵四,2
追寻,1
暴躁,1
两眼一抹黑,1
神神,2
叨叨,2
相通,1
名讳,3
外人,1
直呼,3
发癫,1
美好,2
未来,2
嘎嘎,1
好几,1
本书,2
模式,2
新颖,2
维基,1
试卡,1
难受,3
打本,1
堆上去,1
10%,2
忍着,1
重开,3
我踏马,1
当个,1
万人之上,2
强迫症,2
治疗,2
方案,1
满级,1
打个,2
手本,1
小心翼翼,1
恶心,2
entire,9
chose,1
噤声,1
书局,1
门票,1
believe,5
rpg,1
title,5
Spoiler,1
catches,1
became,8
Nevertheless,1
Functionally,1
lovecraftian,5
influences,3
force,2
daunting,2
Basically,4
youtube,3
miss,3
Otherwise,3
太难,3
十几个,1
照着,1
别人,6
顺利,1
以后,4
一下子,2
opaque,3
feature,3
bug,16
Prepare,1
nutshell,1
beautiful,7
mess,10
contradictions,1
single,9
niche,2
cater,1
limited,4
audience,2
speak,1
Patience,1
tenacity,1
multitasking,1
planing,1
skills,5
High,2
tolerance,1
failing,3
desirable,1
mood,3
sets,1
unravel,2
blind,7
preferred,2
mastering,1
joyful,1
peak,1
enthralled,1
slip,2
notice,3
After,9
honeymoon,1
shortcomings,1
slog,5
Ironically,2
endgame,2
Expect,2
mercy,1
RNG,16
gods,4
impression,2
reminiscent,1
respect,6
enjoyable,5
distinct,1
regards,1
utilizing,1
Extra,1
tokens,2
members,2
present,2
stands,2
competing,1
聪明,1
Quite,2
heads,1
tails,1
Third,1
nearing,1
approaching,1
reliably,1
doors,8
ton,5
bookstore,1
wondering,5
auction,1
house,2
killed,3
recruit,3
uniques,1
besides,2
hirelings,1
capable,1
cliff,1
outs,1
wikis,2
forums,1
dauntless,1
compulsive,1
cryptic,7
Walls,1
student,4
Wall,1
即时,1
消磨,2
打牌,1
系统,3
每局,1
好几个,2
Remember,1
prompts,2
VERY,2
几次,1
黑心,1
公司,6
班得,1
镜中,4
少女,5
薄纱,1
commits,1
purposefully,2
revolves,2
instructions,4
stated,1
relationships,1
pointlessly,1
painfully,1
Due,1
semblance,1
documentation,1
creators,1
fanmade,1
prepare,1
差点,2
味道,2
goes,12
christmass,1
vacation,2
Modern,1
drug,1
feminine,1
clock,1
ur,1
Each,2
BUT,4
sooner,1
natural,1
puts,4
infinite,3
dries,1
stops,1
endless,5
电子,2
yw,1
最先,2
想起,1
哪儿,3
职业,7
宗教,3
营造,3
耗时,1
十数,1
因此,8
先去,1
挺长,1
字数,1
比比皆是,1
完善,4
全面,3
手册,1
Beautifully,2
writer,2
needed,8
40,4
bloody,1
spot,4
1920s,1
horror,11
paused,4
order,5
triggered,1
tricky,2
colour,1
coding,1
useful,3
overlap,1
thematically,3
visually,1
intention,2
trigger,1
disastrous,1
impacts,1
irritating,2
organically,2
Ultimately,3
tablet,6
unwieldy,1
enticing,1
haha,1
70,2
hating,1
bugs,17
glow,1
supposedly,2
allow,3
Lovely,3
Boring,2
redundant,1
teach,3
Got,3
moneys,1
suggest,4
spending,5
yours,1
positively,1
reviews,3
mentioned,3
Grindy,2
AuDHD,1
nerds,1
叫做,1
正版,2
大冤种,1
不住,1
清除,1
没用,1
不管怎么,1
至少,4
保证,3
我能,3
玩吧,1
745726461615276081,1
spm,1
id,1
444.41,1
0.0,1
更好,1
孩子,1
weirdest,1
Like,2
tagging,1
wherever,2
behind,9
infuriating,2
refer,1
floating,1
sandbox,1
wheels,1
threatening,1
check,3
accomplish,2
wishlist,1
ages,4
HELL,1
NO,5
Constantly,1
onto,4
already,10
bear,2
pressure,4
Teaching,1
ass,3
walkthrough,1
听说,1
脑叶,1
13,1
ADHD,3
absolute,2
nightmare,1
unequivocally,1
observation,1
butterfly,1
ripples,1
OR,1
charge,1
blindly,1
forth,1
consequences,2
consequence,3
tied,1
latter,1
farthest,1
cautious,2
payoffs,1
killer,1
multi,1
tasking,1
initiative,1
forge,1
deadline,1
looming,2
words,4
unknown,2
MIGHT,1
falling,4
rent,2
Will,4
DEFINITELY,1
fully,2
creature,3
plotline,1
obviously,1
Something,1
drawing,1
immense,2
grindyness,1
greater,2
mechanic,6
breakthrough,1
literal,2
flipping,1
sand,1
experiments,2
forcing,2
grindings,1
variable,1
dissuades,1
wanting,2
fearing,1
fascinated,1
Except,1
stupid,5
Relaxing,1
绝伦,1
诡秘,3
配乐,1
超大,1
无所适从,1
挑战,1
全网,1
最慢,1
---,49
Graphics,2
forget,6
reality,3
Beautiful,3
Decent,4
Bad,5
MS,2
DOS,2
Mehh,2
Watch,3
paint,5
dry,3
Audio,2
Eargasm,2
deaf,2
Audience,2
Kids,2
Teens,2
Adults,2
Grandma,2
Requirements,2
Check,2
Potato,2
Fast,2
Rich,2
boi,2
Ask,2
NASA,2
spare,5
Difficulty,2
press,2
Easy,5
Significant,2
usage,2
Grind,2
Nothing,3
leaderboards,2
ranks,2
Isn,2
Average,6
Too,4
Story,5
replace,3
Time,4
Long,4
cup,2
coffee,2
Short,2
infinity,2
Price,2
free,6
Worth,2
recommended,6
Bugs,3
Never,2
Minor,2
ARK,2
Survival,5
Evolved,2
terrarium,2
Grab,3
template,4
vojtastruhar,2
github,2
io,2
老板,1
真正,3
邪神,2
苦恼,1
知乎,1
联系,1
石头,1
过河,1
盲盒,1
收集,7
前置,1
取决于,2
产出,3
种类,1
刷卡,1
堪称,1
仅仅只是,1
开头,2
引子,1
割裂,1
繁多,2
象征,1
意味,1
主题,3
挪用,1
进一步,2
融合,1
不知所云,2
堆成,1
一排,1
槽内,1
捉襟见肘,1
生存,4
压力,2
免去,1
往往,1
做出,4
行动,2
依据,2
说白了,1
分配,1
牵着鼻子,1
即便,1
辩解,1
打磨,1
肉鸽,5
买前,1
慎重,1
journal,1
record,1
recipes,1
crafting,5
remembering,1
overwhelming,2
combos,2
tried,10
gift,1
stressed,1
routes,4
jobs,2
GREAT,1
NIE,1
JEST,2
TAKIE,1
FAJNE,1
JAK,1
TEARDOWN,1
ALE,1
SUPER,1
thoroughly,1
freaking,2
tired,1
accumulated,1
Please,6
unholy,1
regardless,1
可惜,7
不太上,1
正在,2
killing,3
Ok,1
离线,1
过来,1
补个,2
简洁,1
大方,1
设计,4
评定,1
标准,1
连换,1
几首,1
消逝,1
音效,2
人物,1
敏感,2
从卡牌,1
出新,2
酷炫,2
谈不上,1
想象力,3
想象,9
带入,2
侧面,1
艺术性,2
扑克牌,1
第一,3
低分,1
PS,2
务必,1
抛弃,1
杯来,1
巨大,5
原汁原味,1
真是太,2
致力于,1
先成,1
体质,1
强健,1
IN,1
GI,1
RUM,1
IMUS,1
NOC,1
TE,1
ET,1
CON,1
SUMI,1
MUR,1
IG,1
NI,1
SNIP,3
暂时,1
视频,6
系列,2
全收,1
赞美,3
情商,2
魅力,5
全靠,1
自觉,1
whats,2
槭,1
@游,1
到底,4
升,1
啊啊啊,9
恐,1
小r,1
A^,1
到,1
老大,1
那次,1
不算,2
developer,3
incomprehensible,1
myriad,1
interact,3
sorta,1
kinda,5
event,7
additional,3
puzzling,2
proof,2
bafta,1
offering,1
perspective,6
picked,3
remembered,1
stopped,2
begin,9
version,10
regularly,2
entertainment,2
elsewhere,1
wonderful,3
Everything,3
elegant,2
imaginative,1
drew,1
created,3
surprises,1
entered,1
accidental,1
stunned,1
throughout,2
addition,1
front,3
swept,1
boredom,1
progressed,4
mix,1
THAT,2
HAVE,1
efforts,2
scratch,2
Job,1
TWO,1
Hunter,1
Lover,1
limit,1
straw,1
cancel,3
memory,1
Over,2
Reason,1
ran,1
collected,2
travel,1
Followers,1
Disciple,1
third,3
prevent,2
anger,1
inspired,3
doubt,3
好比,1
睁眼,1
身处,1
房间,1
之中,4
穿过,1
蛛幔,1
灰尘,1
陷坑,1
楼道,1
眼前,1
呈现,1
一座,1
结构,1
致密,1
繁美,1
邪恶,2
巍峨,1
城堡,1
envelopes,1
contact,2
irreparably,1
alter,1
bizarrely,1
accurate,3
rendered,1
cultistsimulator,1
fandom,1
caution,2
died,7
typical,2
normally,1
settles,1
half,8
softlocking,1
sad,1
愚者,1
先生,1
Originally,1
reviewed,1
stream,2
benefit,1
ingame,1
Nonetheless,2
appeal,3
catchy,1
simulate,3
mishaps,1
addicitive,1
Engagement,1
Visuals,1
Mechanics,4
Score,1
五次,1
琢磨,2
一包,4
一桌,3
一天,7
Timed,1
determining,1
focusing,1
outputs,1
low,4
value,2
confused,5
utilize,1
truth,15
IRL,2
replicated,1
okay,4
falls,2
opinion,6
driving,2
semi,2
Both,1
unpause,1
unnecessary,1
clumsy,1
handled,1
turns,4
sorted,1
Nor,1
labeled,1
role,2
identifiable,1
explaining,2
slots,7
Though,3
situations,2
required,4
offer,3
alright,2
plod,2
touch,2
之死,2
妒忌,3
渴求,3
之死必,1
好奇,3
死地,1
终究,1
Figure,1
exactly,6
Zero,1
unspecified,1
rougelikes,1
provide,4
sex,2
museum,1
plaques,1
interactive,1
gonna,3
discouraged,1
blindsided,1
scraps,4
delving,1
spoiled,1
kid,1
doctor,1
treating,1
asylum,1
Being,2
informed,2
old,8
feverishly,2
ranted,1
room,1
marinating,1
his,12
boody,1
fluids,1
flair,1
relying,1
tooltips,2
半月,1
腱鞘炎,1
差距,1
连个,1
小胜,1
拼手速,1
身后,1
而行,1
变老,1
一壶,1
玩意,3
无敌,4
又名,1
癫子,1
流畅,1
手感,3
很爽,1
如诗,1
了不起,1
搭配,2
几回,1
紧张,1
刺激,1
hhh,1
具体,2
深究,1
露出,1
恰到好处,1
不够,2
容错过,2
ps,3
手游,1
重返,1
1999,1
摊手,1
自行,1
决定,3
走向,2
规划,1
快进,1
暂停,3
引用,1
文学,4
艺术,2
很强,1
立绘,1
比较简单,1
参与,2
总评,1
6.5,1
魔性,1
摸清,2
查资料,1
抽丝剥茧,1
快感,2
信息内容,1
哥们,1
早上,1
五点,1
approach,9
round,1
frankly,1
ruined,2
exercise,1
gripe,3
technical,2
problems,7
ruin,4
attempt,5
Cards,4
grabbed,1
deleted,1
rolls,2
chain,1
preparations,1
outcomes,2
fails,2
produce,3
loosing,2
states,2
throw,3
wrench,1
Additionally,2
verb,6
overused,1
generating,2
suddenly,4
reset,1
ease,1
misclicking,1
sounddesign,1
functional,2
cuts,1
middle,3
shines,1
leader,2
Malachite,1
beloved,2
补票,5
线下,1
轮流,1
冲着,1
早就,3
autistic,1
likes,4
以後,1
新作,2
印象,4
我的^,1
修R子,1
小夥子,1
已,1
2022,1
在,1
想念,1
@款,1
很涯,1
通宵,2
^去,1
T,2
^高,1
纱,1
分e,1
艚,3
不^,2
人X,1
T教,2
_,1
最低,1
教略,1
k法,1
⑷,1
可是,2
引起,1
{查,1
三大教,1
比^,1
三到,1
四小r,1
左右,3
能通,1
路上,1
三十分,1
速通,1
影片,1
不具,1
wf,1
然後跟,1
鄣,1
升高,1
之後w升,1
拿,1
^承到,1
曾,1
,1
叛,1
立T,1
藏,1
r候,1
堵T,1
路,1
特麻,1
巡警,1
D悟,1
一,1
可,1
P起,1
他,1
_始,1
我,1
X得,1
高,2
廴,1
或是,2
廴e,1
高,1
召疚,1
Y,1
@[,3
O定,2
有空,1
得,2
看灰C,1
定都,1
,1
热,1
具w,1
第二,2
容e,1
我玩杯,1
暴,1
,1
一子,1
每,1
教具,1
e^,1
供B,1
云云,1
杯教,2
那N,1
食人,1
喜g,1
克式,1
美W,1
也K,1
同,1
相差,1
距x,1
引人,1
入,1
COOL,1
LIKE,2
ri,1
kn,1
Ma,1
核心,5
单独,1
stacklands,4
早出,1
自然,4
双厨,1
狂喜,3
一般,5
一眼,1
数量,2
远超,1
Nice,1
Ever,2
join,4
Want,1
Yeah,2
Sacrifice,1
promote,2
Godhood,1
God,5
Between,1
impatient,2
wanna,1
bother,5
miserable,1
bliss,1
考古,1
学习,8
小组,1
乱窜,1
解开,3
真相,1
当局,2
灭口,1
海贼王,1
里奥,1
哈拉,1
历史学家,1
身上,1
七道,1
伤疤,3
三观,1
道格拉斯,1
斯宾塞,1
脱颖而出,1
发起,1
针对,1
暗杀,1
获得成功,1
倍感,1
欣慰,1
林地,2
生长,1
墙外,1
研习,4
诸史,2
无墙,3
几百,2
名字,3
起得,1
实属,1
掉价,1
不止,2
玄而又玄,1
诡异,4
感情,3
寥寥,1
数笔,1
颇深,1
高中,1
读书笔记,1
抄写,1
这里,5
工具,3
一门,1
再加之,1
图书馆,3
当之无愧,2
见仁见智,1
一脸,1
别说,1
带来,5
拂晓,1
城里,1
苟活,1
残阳,1
带走,1
不可否认,1
牌能,1
干嘛,4
处理,2
恐怕,1
六七十,1
即便如此,1
大致,1
进入,4
最有,1
不必,2
探索期,1
孔雀,1
之门,1
首都,1
午港,1
俱乐部,2
反应,1
试一试,1
凑够,1
相应,2
相性,1
快乐,5
技能,4
重新召集,1
看过,2
重买,1
段时间,1
确切,1
藏宝,2
况且,1
玩到,1
不小,1
全密传,1
未必,1
这点,4
扣分,1
时长,2
瑕不掩瑜,2
回味,1
文风,3
而言,2
己身,2
献出,1
愿者,2
点亮,1
路途,2
踏上,1
显现,1
无论,1
代价,1
为何,3
artwork,1
洛克,1
拉夫特,1
神是,1
见到,2
语言艺术,1
做到,7
极致,2
复原,1
原文,2
意境,2
坐等,1
无脑,2
一杯,2
stackland,1
轻度,3
要素,8
任意,1
以上,3
拿来,1
成瘾,1
不应期,1
来得,1
十分迅速,1
closer,2
answer,5
STILL,1
suck,4
总结,1
人群,2
赌狗,1
热爱,2
不确定性,1
体系,5
赞助商,1
理想,1
能耐,1
为啥,1
开个,1
万事,1
出路,1
只要,3
贪心,1
我愿,4
害臊,1
分享,1
放弃,3
坏档,1
干涸,1
理智,3
保住,1
马上,2
就要,2
坩埚,1
王都,1
等级,1
神器,1
多样,1
玩蛾,1
因素,1
控制,2
根本无法,1
掌控,1
命运,1
羡慕,1
敢于,1
困境,1
相信,3
辜负,1
一切,10
解答,1
显然,4
失控,2
手段,1
扭转,1
现状,1
过往,1
魔法,3
恰好,1
第一篇,1
真诚,1
最令,3
着迷,6
收藏,1
两部,1
英语水平,1
糟糕,1
试图,5
追奉,1
嫌弃,1
刀刃,1
阶梯,1
嚎叫,2
蠕动,2
打入,1
虚界,1
爬上来,1
扭曲,1
爬行,1
explanations,1
builder,1
莎士比亚,1
深思熟虑,1
一条,1
气质,1
通往,1
捷径,2
如同,2
一瞬间,1
provides,2
us,1
info,1
context,3
ok,2
Seer,8
Mirrors,8
scribing,4
forbidden,5
grimoire,3
moth,3
hewn,3
exact,5
manner,3
method,3
soil,1
birthplace,1
mote,10
unattainable,10
woven,1
cries,1
unborn,1
undead,1
gash,1
across,5
cheek,1
mirror,2
pile,2
smoke,2
mirrors,2
zero,4
substance,4
posture,2
laconic,2
shred,2
secrecy,2
delivered,2
Queen,2
HOWL,1
SCREAM,1
GNASH,1
HORROR,1
BUZZ,3
SCREECH,1
GLASS,1
SILENCE,3
whose,2
bunch,4
unspeakable,1
untasteable,1
meant,4
cursed,1
blighted,1
Reichdale,1
Worm,1
brushwaldian,1
misdirection,2
beneath,3
mediocre,3
walk,2
leaving,3
tribute,3
reasonability,3
rationality,3
possibly,3
divine,1
trepannist,1
smile,1
joyous,1
frivolity,1
closest,2
examination,2
misbegotten,2
spreadsheet,2
certified,2
microsoft,2
excel,2
london,2
derry,1
bland,2
thesaurused,2
sounding,2
clever,4
JJ,2
Abrams,2
script,4
Below,3
unedited,2
show,4
went,2
curtain,2
fervently,1
trash,2
underneath,2
waving,1
spooky,3
surreal,1
Wood,6
grows,3
Christopher,1
Illopoly,1
Travelling,1
Night,1
Primarily,2
minute,4
tubes,1
mode,1
angle,3
serious,1
broke,2
degree,6
install,2
安逸,6
地图,2
标记,1
Certain,1
Type,1
Person,1
vibes,1
Lack,3
novice,1
confusion,3
biggest,5
motivation,1
血压高,1
先给,1
再说,1
Fantastic,3
回味无穷,1
CPU,1
玩好,1
会修,1
cpu,1
当代,1
shy,2
thrill,1
tbh,1
sit,3
blasting,1
索然无味,1
人气,1
gkd,1
好难,1
im,3
Looking,3
Haven,2
agency,1
epic,1
roguelikes,2
switch,3
drag,5
touchpads,1
laptop,2
所有人,2
丈育,1
快点,1
敲碗,1
没玩,2
退款,1
隐秘,1
角落里,1
血腥,1
毒液,1
太肝,1
自此,1
生命,1
唯余,1
静默,2
好久没,1
咋玩,1
全都,2
破大防,1
退出,3
重进,1
重新安装,1
两次,2
修复,3
完整性,1
lover,2
tricks,2
大得,1
一批,1
事情,3
黑盒,1
用户,2
24588154,1
stark,1
caveats,1
ends,6
accident,1
belly,1
scraping,1
painstaking,1
convoluted,3
ascension,2
sequence,1
implied,1
tidy,1
increasingly,1
cluttered,2
desktop,1
scumming,1
saving,1
copies,1
savegame,1
file,1
reload,2
cut,1
nb,1
wtf,1
一块,1
绿板,1
一副,1
椅子,1
c裟,1
今日,2
手震,1
心痛,1
付出,1
得不到,2
上天,1
究竟,1
做错,2
萝丝,4
真是,4
哇呀,2
starter,2
Whatever,1
meat,2
potatoes,1
MANY,1
Again,1
努力,2
各位,1
致以,1
最高,1
敬意,1
fudging,1
明年,1
solitaire,5
lonelier,1
artistic,3
presentation,4
captures,1
rationalist,1
magic,6
compelled,1
serve,3
individually,1
chart,1
skeuomorphic,1
virtual,1
breaks,2
needs,7
tidying,1
space,2
snatched,1
destroyed,1
typically,1
pausable,1
worward,1
niormal,1
reduced,1
compiled,1
spoilers,1
degrades,1
Unfortunately,3
similarly,2
retrying,1
treasure,1
replayable,1
classes,2
playable,4
paid,1
reaching,1
称之为,2
大师,2
Unique,2
Vibrant,1
水平,2
高到,1
网络小说,1
借鉴,2
单人,2
RPG,4
难以,4
媲美,1
钟头,1
一瞬,2
飙升,1
Bizarre,1
charm,2
awards,1
lololol,1
mindset,1
From,3
introduces,3
subtle,2
soaking,1
flashy,1
subdued,1
harsh,2
realized,4
风味,1
goddamn,2
circles,2
SLOWLY,1
wealth,1
stats,4
bogging,1
Seasonal,1
develop,1
counter,3
values,1
warmups,1
lifetimes,2
valuable,1
NEED,2
loads,1
attributes,2
meaning,3
grandkids,1
born,1
forbid,1
dancer,1
evolution,1
ordeal,1
corrupted,1
cuz,1
update,2
Aspirant,1
Glover,4
bootlicker,1
accumulate,2
Funds,2
studying,5
chances,2
lucky,3
Notoriety,2
stacks,1
ANYTHING,1
direction,8
trapped,1
farming,1
gold,1
Detective,1
sticks,1
Woods,1
expecting,2
outcome,1
Lore,1
significant,2
accumulation,1
errors,1
capacity,1
acts,1
Magnetism,1
tile,3
travesty,1
Whats,1
coin,3
sleeping,2
smidgen,1
happiness,1
Oops,1
stored,1
steal,1
hands,3
thank,1
dead,1
covered,1
By,2
reaction,1
Go,2
headache,1
Why,2
Well,5
avoiding,1
exhausting,2
质量,2
杠杠,1
punishes,2
cute,2
busywork,1
Dude,1
pest,1
气息,1
宏达,1
细细,1
推敲,1
五星,1
sacrificing,2
member,1
Died,3
prioritizes,1
intaking,1
cooldown,1
YET,2
tons,5
pushed,1
stuffs,1
Conclusion,1
suffer,2
bashing,2
供养,1
Loved,1
complaint,2
Ill,1
自由度,3
辛苦,1
长期,2
机械化,1
玩一,1
两局,1
essentially,1
perish,1
cheeky,1
WILL,4
inference,1
frustrate,1
ha,1
AWFUL,1
extensive,1
bountiful,1
juggling,4
plan,7
smart,2
ascend,2
decided,4
haunt,1
neighbours,1
太香,1
仓鼠,1
文明,1
般下,1
回合,2
her,3
Always,1
realising,1
Might,1
bouncing,1
90s,2
decision,1
dials,1
directionless,1
notch,2
appreciated,1
vaguely,2
largely,2
alleviated,1
visual,1
novel,2
met,2
mass,1
合成器,1
层层,1
递进,1
机翻,1
云里雾里,1
更玄,1
烂尾,1
二选,1
其一,1
paragraph,1
anymore,2
turned,1
我要,3
unforgiving,2
吓死,1
三次,2
滋生,1
面具,1
图标,1
害怕,1
头子,8
纵观,1
发展,2
趋势,1
越来越,1
注重,1
或多或少,2
离神作,1
一步之遥,1
激进,1
换来,1
初见,2
直面,1
风险,2
前行,1
两句话,1
战战兢兢,1
难以自拔,1
浩如烟海,1
遗物,2
发掘,1
掩埋,1
永生,1
耐人寻味,1
纷争,1
正是,4
引擎,1
赤杯,2
浪潮,2
粉碎,2
燧石,1
浮想联翩,1
成也萧何,1
败也萧何,1
使人,2
惊为天人,1
产生,3
重复劳动,1
感到疲倦,1
不解,1
AK,12
当年,1
不该,1
继承,2
一任,1
密转,1
难免,2
hated,1
annoyed,1
seemed,3
alley,2
sneak,1
realizing,2
恶性,3
新一轮,1
后面,8
八九个,1
牌会,1
图层,1
挨个,1
拖掉,1
与此同时,2
里会,1
冒出,1
看不到,2
牌面,1
总数,1
挠头,1
一半,2
gi,1
rum,1
imus,1
noc,1
te,1
et,1
con,1
sumi,1
snip,9
妈妈,2
比密教,1
verry,1
Drawn,1
alot,1
recomend,1
product,3
spirited,1
reflected,1
balance,4
sells,1
demands,1
pleasure,2
8.5,1
None,2
wounds,4
Somewhat,1
mixed,1
feelings,2
眼看,1
不知,1
蹦出来,1
cnm,1
性价比,1
很少,2
运行,2
安排,1
思考,2
生成,3
新卡,1
享受,2
996007,1
呕心沥血,1
废寝忘食,1
翻书,1
五个,2
无数个,1
复制,2
追杀,1
生不如死,1
玩得,1
头昏脑胀,1
玩个,2
还得查,1
什么游戏,1
出彩,2
出色,3
译文,1
鉴于,1
Stellaris,1
外包,1
高质量,1
不足为奇,1
译者,1
精心,2
雕琢,1
锦上添花,1
更具,1
色彩,2
增强,1
流行,1
常常,1
惊叹,1
巧思,1
最具,1
淡泊,1
美感,2
圣经,1
偏爱,1
本质,2
晋升,2
时而,4
剪子,1
小刀,2
为树,1
振翅,1
魂之生,1
scissors,1
wood,1
bones,2
flutter,1
moon,1
dappling,1
blood,5
有翼,1
人偶,2
白骨,1
屋上,1
阁楼,1
窗子,2
旁边,1
有个,1
盒子,2
有卷,1
绷带,2
有团,1
乱发,2
窗户,1
从未,1
微妙,1
混乱,2
回到,3
非常适合,1
可长可短,1
闪刃,1
教会,3
攒刃,1
一刀,1
警探,4
防剿,3
伦敦,1
兄弟会,1
日后,1
wether,1
eager,2
somewhere,2
saved,1
mistake,6
organize,1
impossible,5
spits,2
rearranging,1
tweaking,1
considerably,1
functions,2
define,1
placed,3
access,3
特性,1
季节,3
富家,1
公子,1
迟迟,1
出入,1
病痛,1
险些,1
没活,1
侍宴,1
来得及,1
动手,1
得病,1
养成,1
先猛,1
visit,2
vanilla,3
maxing,1
UPD,1
spelling,1
产品,1
适用,3
低血压,1
nutty,1
IDEA,1
unfold,2
bonkers,1
safe,1
consumed,2
summoning,2
unreal,1
mins,1
quitting,1
personal,2
strung,1
waves,1
subsided,1
ambiguity,1
Obviously,1
differences,2
flavors,1
creates,1
worried,1
fear,1
opportunity,2
不看,3
功略,1
扮演,2
进程,3
转化,1
有着,2
互异,1
评论,3
38h,1
engrosses,1
simulating,2
stumble,2
goal,7
occultist,1
descend,2
sin,1
suggestion,1
Learn,1
整个,5
Fascinating,2
compellingly,1
designers,1
sake,1
indication,1
brick,1
hopes,2
concussion,1
enlightenment,1
Stylistic,1
模M,1
汪汪,2
丝绒,1
草拟,1
FPS,1
快又准,1
塔罗,1
average,3
tuesday,1
evening,1
Eh,1
pass,3
whack,1
mole,1
Chuthlu,1
par,1
key,6
compared,1
Resources,1
pinball,1
Example,1
smush,1
erudition,3
smushing,2
decays,1
Glimmering,1
tags,1
foo,2
tag,3
Putting,1
throws,3
highlight,2
accepts,1
accept,2
stacked,2
allowed,3
decay,1
un,1
tapped,1
rates,1
remaining,1
detritus,1
alt,1
tab,2
太高,2
玩蒙,1
之外,1
HIGHER,1
RISE,1
MORE,2
IF,1
YOU,5
ANY,1
COSMIC,1
PLAY,2
THIS,2
GAME,4
ITS,1
GOOD,2
铸杯,1
小胜通,1
全玩,1
八九十,1
开心,2
病死,1
玉玉症,1
combine,2
remotely,1
prior,1
Much,1
assumed,1
primarily,1
fans,1
fallen,2
ONE,1
KIND,1
Early,1
水准,1
提示,3
隐晦,2
大神,3
工坊,2
诞生,1
构造,3
出门,1
指南,1
纯粹,2
开荒,1
获得,8
是否,2
模拟游戏,1
关键词,1
暗示,1
有密,1
一点一点,2
实验,3
原理,1
手会,1
做些,1
好多,1
中文翻译,1
贴切,1
原创,1
各项,1
编排,1
Cool,2
Praise,1
Forge,2
Days,2
二十个,2
弄懂,1
达成,1
yeeeeeESSSSSS,1
brimming,1
intelligence,2
wit,1
tooltip,2
message,1
suffocate,1
pace,3
dumb,1
assume,2
scholar,1
historian,1
seeker,1
Experiment,1
metaphor,1
brute,2
Artist,1
Edit,2
grip,1
tremendously,1
splitting,1
onramp,1
一玩,1
一整天,1
沉醉,1
痴迷,1
前路,1
looked,2
Lose,1
Start,1
courts,1
Manage,1
barely,5
cops,1
starvation,1
guessing,2
internet,3
当得,1
人民,1
服务,1
兜兜,1
转转,1
太绝,1
本职工作,1
前期工作,1
好开心,1
Alchemy,1
valid,1
wrapper,1
offset,1
Warning,1
stumbling,1
inherent,1
raising,1
ethos,1
glaring,1
amounts,2
platter,2
counts,1
expire,1
taken,3
succeed,1
SoL,1
Actions,1
resolve,2
staring,2
counters,1
counting,2
passes,1
tension,2
bring,1
novelty,2
wears,3
soon,7
Another,1
contained,1
thinks,1
shallowness,1
mater,1
yelling,1
void,2
cathartic,1
别买,1
Garbage,1
optimize,1
sdakajkdsajhdkahdjsaidhiadhvodvbiadhuhdovindvoivnodaividhocajdoa,1
Think,1
cookie,1
clicker,1
experienced,3
looser,1
freer,1
Rogue,1
lites,1
exclusionary,1
finishing,2
setups,1
destined,1
YouTube,1
lets,5
Trust,1
symbols,4
Unless,1
website,1
suit,3
eyes,4
一场,1
奢侈,1
宴会,1
基石,1
四分五裂,1
永远,2
居于,1
厅堂,1
熟成,1
至此,1
理当如此,1
全然,1
光明,1
熟络,1
有道,1
极限,1
登神,1
寿命,1
玩完,1
极具,1
念念不忘,1
不亏,2
语言学,1
博士,2
信达雅,1
起点,3
中文网,2
速速,2
本人,6
先说,2
指导,2
一阵发,1
这牌,1
方块,3
三种,1
卡是,1
厌倦,1
一支,1
纸牌,1
太牛,1
大批,1
神话传说,1
独树一帜,1
贴合,1
信息量,2
分散,1
拼凑出,1
全貌,1
快出,1
BOH,2
不出,2
这群,1
不管,1
性向,1
统统,1
连玩,1
checkpoints,1
structure,1
acquired,2
diverse,2
favourite,5
hits,2
interests,2
during,3
Media,1
draws,2
inspiration,1
cheaply,1
crowd,1
notably,1
Cults,1
Forbidden,1
Knowledge,1
Non,1
Euclidean,1
shapes,1
structures,1
Delving,1
Madness,1
Occult,1
Eldritch,1
Creatures,2
beings,2
Items,1
brief,1
scream,1
chills,1
shows,3
purple,1
lock,2
keys,2
imagine,2
wand,1
tears,1
apart,2
DND,1
host,1
dialogue,2
line,3
sentence,4
entice,1
skip,4
shoving,1
caring,1
weirdly,1
obstacle,2
steadily,1
restless,1
restlessness,2
breeds,1
bay,1
stressful,4
effed,1
Yum,1
yum,1
answers,1
不大行,1
能玩个,1
40hr,1
trouble,2
unsure,1
Sort,1
idler,1
hiding,2
About,1
sunk,1
DAYS,1
weeks,3
1.7,1
legitimately,1
mastered,1
flawlessly,1
First,7
danger,1
celebration,1
Discovery,1
peddles,1
rush,1
thankful,1
JUST,1
allowing,1
walking,1
casually,1
throwing,1
mystical,2
exist,3
lasting,1
usual,2
offered,1
好帮手,1
不久,1
失望,1
前提,1
cogs,1
turning,1
Doesn,2
resemble,1
grad,1
school,1
confuss,1
夜幕,1
落下,2
20h,1
白打,1
卸载,1
Glad,1
ground,1
不玩密教,1
reflects,1
accidentaly,1
summoned,1
winter,2
demon,2
hel,1
youtu,3
ncw2sNrRU,1
Spinning,2
unraveling,1
Been,1
lately,1
decade,2
adored,1
Skies,1
departure,1
Failbetter,1
markedly,1
Against,1
Worldbuilding,1
provocative,1
grasp,2
detailed,1
spans,1
additions,1
browser,1
length,1
medium,1
compares,1
infamous,1
quest,1
Seeking,1
Mr,1
Eaten,1
Name,1
whereas,1
interacted,1
wonderfully,1
cosmology,1
snippets,3
recurring,1
keywords,1
Greek,2
Latin,1
singular,1
mention,3
intentional,1
Three,1
Valved,1
Door,4
15th,1
century,1
French,1
Drama,1
imminently,1
digestible,1
strictly,1
laugh,1
cry,1
paranormal,1
researcher,1
fancy,1
variety,2
unbearable,1
micromanage,2
unnecessarily,1
sink,3
cycles,1
function,2
minimal,1
Progression,1
capped,1
ridiculously,1
repeatedly,1
gaining,1
drugs,1
resting,1
club,2
reviewing,1
happy,1
memories,1
smash,1
rites,1
proc,1
damnable,1
amalgamation,1
covering,1
Smash,1
keyboard,1
nodes,2
visible,1
permadeath,2
EACH,1
weren,1
gamebreaking,1
speaking,1
establishment,1
principles,1
wasted,2
messed,1
bypass,1
locked,2
Ridiculous,1
delved,1
mythical,1
suited,1
oh,4
Useful,1
treat,1
Later,1
Nitpicky,1
Permadeath,1
justify,1
3h,1
Fine,1
worker,2
priest,1
police,2
placement,3
maintain,2
reviewer,1
GDC,1
meta,1
situation,2
representation,1
ive,2
冲国能,1
黄油,1
budded,1
skull,1
bloomed,1
breaking,1
including,2
Physique,1
vanishing,1
请埃尔,1
里奇,4
结婚,2
安全感,1
断断续续,1
差刃,1
大佬,2
专门,1
超多,1
按照,1
顺序,3
独立,2
有剧,1
没钱,1
蠢事,1
不敢,1
鸦片,1
建教,1
五六,1
贿赂,1
作用,3
保存,2
六级,1
没事,3
单纯,2
睡觉,1
等等等等,1
某次,1
勉强,1
规律,1
燃起,1
埃尔,3
狗狗,1
可爱,2
剔牙,1
可靠,1
他杀,1
穿防剿,1
局后,1
环节,1
纠结,1
好不容易,2
沉没,1
数次,1
降临,2
真情实感,1
四个,1
移情别恋,1
老婆,4
各大,1
有用,1
多点,1
心教,1
留给,3
教士,2
冬教,1
约会,1
缺钱,1
不仅仅,1
金主,4
那里,1
拿到,2
酬劳,1
一大笔钱,1
满足,1
黑寡妇,1
心理,1
身为,2
信息,1
相有,1
认知,1
无私,1
正统,1
牺牲,2
千万,1
人得福,1
很穷,1
且利,1
洒洒,1
美食家,1
寻觅,1
食材,1
优质,1
料理,1
温柔,1
好脾气,1
纸片,1
品尝,1
美食,1
随时,1
聊天,1
一股,1
清流,1
重要,5
参数,1
整条,1
舒缓,1
温馨,1
毋庸置疑,2
良心,2
推广,1
先别,1
谜题,1
更新,7
dozens,4
names,2
mouse,1
connect,1
motions,2
家财万贯,2
加班,4
极其丰富,1
略微,1
佳作,1
仅仅,1
灵感,1
extra,3
cheat,1
5000000012,1
Conflagration,1
Incursus,1
thrice,2
Feast,1
passed,1
gate,1
Crossroads,1
Nowhere,1
residence,1
joined,1
fray,1
Corrivalry,1
St,1
Agnes,1
insight,1
hardly,1
attentive,1
TikTok,1
两天,2
不来,2
赌气,1
加速器,1
几天,1
af,1
elapse,1
loose,1
fence,2
Expensive,1
Unstable,2
崩溃,2
Far,1
ayyyyy,1
ya,1
asleep,1
count,1
Developing,1
Hell,1
maw,1
fuckin,1
business,1
Work,2
expiditions,1
becoming,1
creatures,1
solidly,1
downloaded,1
uninstalled,3
invested,1
Wack,1
focused,3
vs,1
freedom,1
还累,1
成果,2
清零,1
魂系,1
篝火,1
删档,1
大爷,1
project,3
concluded,1
odds,2
haunting,1
eloquent,1
Seas,1
conceive,1
execute,1
genius,3
trasure,1
trove,1
strikes,1
unlikely,1
grips,1
nights,1
birds,1
singing,1
Kudos,1
Lottie,1
最好,1
老董,1
稳定,1
消邪,1
不动,1
资本家,1
可怕,1
Endless,1
Either,1
1h,1
40m,1
mark,1
stock,2
Who,3
Sleeps,1
Watches,1
挫败,2
从头开始,3
很差,2
堆叠,1
智障,1
买空,1
翻来覆去,1
度太高,1
思索,1
三点,1
克味,1
浓郁,1
一口气,1
中道,1
冷静,2
竟然,1
写手,1
虚假,1
踏实,1
画画,7
鉴赏,1
体贴,1
下属,1
专一,1
德智体美,1
真实,3
敛财,1
寺庙,1
镀金,1
大佛,1
施主,1
开光,1
搞群,1
运动,1
政客,1
PY,1
交易,1
点名,1
安倍晋三,1
HUGE,2
disclaimer,1
thrives,1
fill,1
哪怕,2
加个,1
阶段性,1
发育,1
想开,1
目都,2
即将,1
沉重感,1
cocky,1
bastards,1
playstyle,1
Thankfully,1
groove,1
Instead,1
abandoning,1
account,1
scratched,1
surface,2
splashing,1
magicarp,1
Veri,1
gut,1
fifteen,2
buddy,2
starving,1
wow,1
qualities,1
reminds,2
exploratory,1
Anitchamber,1
contains,1
trait,1
morning,1
errands,1
....,10
shocked,1
approached,1
vacuum,1
notes,4
wrestle,1
submission,1
Organization,1
claim,2
SME,1
subject,1
push,2
Ezeem,1
boy,1
本土化,2
近乎,1
Till,1
漏看,2
条件,1
没看,1
23h,1
睡个,1
好觉,1
三遍,1
赶时间,1
多线,1
大忌,1
临近,1
翻车,2
patient,2
vividly,1
imagined,2
worlds,1
encountered,3
rarely,5
rivaled,1
emotion,1
conveyed,1
UPDATE,1
Day,1
47,1
thrown,3
sewer,1
flashlight,1
peer,1
keyholes,1
locks,1
wife,2
Mother,2
homes,1
ants,1
tattoo,1
Stigmata,1
feet,1
Christ,1
Father,1
Heaven,1
attract,1
shake,1
prison,2
extraordinary,1
rendition,1
helping,2
choice,6
时隔,1
很久来,1
突出,1
完整,2
引人入胜,1
一张,9
凑数,1
无出其右,1
仔细阅读,1
保护期,1
添加,1
咨询,1
卡关,1
花钱买,1
明确,1
线索,1
有限,2
必须,2
地点,5
对密教,1
感冒,1
热衷,1
反感,2
哈哈哈,1
itches,1
conveying,1
unsatisfying,2
misleadingly,1
named,1
sorts,1
human,4
sacrifice,2
questionable,1
sexual,1
proclivities,1
screenshots,2
sounded,3
positive,2
unsatisfied,1
fiddling,1
comprehend,2
appearing,2
disappearing,1
kicks,1
timing,2
whenever,1
frustratingly,1
annoyingly,1
Does,2
red,2
orange,1
Weird,1
maddeningly,1
jam,2
memorising,1
太杀,1
救救,1
三张,1
用点,1
消成,1
确定,1
这不比,1
力量,5
一心,1
寡王,1
低阶,1
高阶,1
门徒,1
劳资,1
愿望,1
最近,5
磕点,1
某人,1
永动机,1
首先,2
日落,1
放不放,1
用镜,1
来个,1
退化,1
以外,2
实现,1
自由,1
sadly,2
merely,1
Youtuber,1
grindfests,1
说来,1
人麻,1
delightful,1
blend,1
roleplay,1
noir,1
survivors,1
benefits,2
starters,1
Fall,1
face,3
Take,1
2021,1
一,1
半小r,1
途中,1
特e,1
所以然,1
M合,2
,1
方向,1
甚N,1
M度,1
推M,1
感X,1
中,1
SC性,1
毫o教W,1
^程,1
更加,2
混y,1
[蛐,1
或S,1
⑹,1
o,1
o心,1
reconstructed,1
二是,1
弄个,1
严丝合缝,1
栏位,1
摆起来,1
好乱,1
whim,1
fired,1
attained,1
manages,1
oddly,1
persistence,1
allowance,1
failures,1
menace,1
soldier,1
gentle,1
reader,1
Pausing,1
Quickly,1
c,1
^佳,1
o予,1
t,2
]t,1
情r,1
⒖s,1
小版,1
@奇,1
所a生,1
Y果,1
感到,1
J,1
子,2
桌[,3
@,2
~有,1
粹,1
D成,1
第九,1
g,1
Q,1
缺c,1
烈,2
B教W,1
有o,1
@,1
裢,2
重大,1
卡牌,1
d趣,1
,1
[玩,1
困惑,1
感及,1
挫「,1
引,1
目,1
M行,1
看不出,1
uu,1
M入,1
r,1
因,1
W退,2
B牌,1
f明,1
再度,1
教W及,1
UX,1
化,1
接受度,1
更V,1
nmlgb,2
老子,4
刷到,1
看见,1
给爷,1
八大,1
nm,1
干碎,1
密传全,1
心肌梗塞,1
脑子里,1
再也不会,1
listening,1
podcasts,1
点个,1
赞咯,1
真挺少,1
加看,1
我整,1
程序,2
停止,2
开骄盛,1
夺目,3
囚犯,2
ma,1
今晚,1
难逃,1
一劫,1
entertaining,2
半夜,1
备份,3
太大,2
十多个,1
功亏一篑,1
牧师,1
其余,3
共度,3
非得,1
过手,1
移植,1
菜单,1
浏览,1
文件,3
json,1
保存起来,1
以备,1
不时之需,1
用户名,1
AppData,1
LocalLow,1
Weather,4
Factory,4
加入,2
hopelessly,1
Tries,1
kidding,1
Tutorial,1
code,1
grindier,1
Ascensions,1
dev,3
responsiveness,1
mud,1
deaths,1
audacity,1
bothered,3
crashes,4
NOT,2
Loot,1
loot,2
FYI,1
Brilliant,1
contents,1
stimulating,1
excessively,1
began,3
successive,1
resented,1
glimmers,1
simulates,1
causes,1
share,1
anxiety,1
routine,1
kudos,1
50,3
timesucks,1
wishing,2
neutral,1
revisit,2
Today,1
combined,2
insights,1
enigma,2
loving,1
endured,1
doings,1
borrow,1
overspend,1
budget,1
loathing,1
misery,1
Easily,1
Card,1
Played,5
Life,2
Addictive,1
Careful,1
Bx2Ewq0yaYE,1
Narrative,1
SPADES,1
nor,3
advanced,1
labor,1
nomination,1
grant,1
eYeS,1
teaching,1
excessive,1
trail,1
梦境,2
充足,2
开悟,1
Thumbs,1
doesnt,1
unapproachable,2
seemingly,1
arbitrary,1
improving,1
vitality,1
disposal,1
booted,1
Despite,1
attracted,1
pdf,1
grinds,1
plug,1
tactics,1
aim,1
buttons,1
slowed,1
prompt,1
surviving,3
sucked,2
minecraft,1
external,1
videos,1
aiming,1
overwhelm,1
causal,1
crashed,3
ish,2
Unity,1
froze,1
bottomed,1
conclusion,1
lazy,1
alienated,1
reveal,1
lend,1
visibly,1
realise,2
food,1
distractions,1
annoyances,1
blocking,1
ludonarrative,1
assonance,1
puzzler,1
sparks,2
n三小,1
能克服,1
指边,1
边查,2
令人惊叹,1
充斥,1
感谢,3
组为,1
无怪乎,1
受其,1
启发,1
必入,1
难玩,1
看来,1
好几遍,1
对照,2
三十多个,1
落泪,1
安利,3
intrigued,2
treadmill,1
consists,1
Crafting,1
simplistic,1
passively,1
randomly,1
checks,1
padding,2
side,4
蜕变,1
mashup,1
revolving,1
correct,3
Stacklands,8
quicker,1
painful,1
energy,1
ticking,1
spiral,1
pop,2
rolling,2
dice,2
abruptly,1
dooming,1
meander,1
9th,1
applicable,1
roll,1
undo,1
Ugh,1
mechanisms,1
无语,1
17,1
层次感,1
不太会,1
玩腻,1
乱飞,1
slows,2
agonizing,2
crawl,2
Get,2
discount,1
layout,1
Terrible,2
Annoying,1
unrealized,1
degenerates,1
route,2
farm,2
Evening,1
Isles,1
16,1
Chronicles,1
Chronicle,1
33%,1
dropping,2
48,1
per,3
240,1
chronicles,1
Absurd,1
Secondly,1
Colonel,1
Eye,1
invoke,1
lantern,2
yellow,1
mana,2
vein,1
MTG,1
deductions,1
irrelevant,1
fluff,1
identical,1
They,4
personality,1
desires,1
weaknesses,1
Recruiting,1
shiny,1
legit,1
slave,1
persuade,2
seduce,1
brainwash,1
compliance,1
showing,1
load,2
Support,1
receiving,1
unplayable,4
cautiously,1
seeming,1
completes,1
automatically,2
mythology,1
reveals,2
playthough,1
crushingly,1
history,3
AAA,1
bow,1
traits,1
supplies,1
entertained,1
x%,1
具名,1
伊泽姆,1
挑逗,1
能带,1
心满意足,1
玩儿,2
细节,1
雾草,1
稀烂,1
得闲,1
稍弱,1
OLD,1
crashing,3
summon,3
latin,1
代码运行,1
别碰,1
淹没,1
版本,11
鬼才,1
nmd,1
重做,1
无关紧要,1
着实,4
少见,1
飞鸟,2
再也不能,1
拖拽,2
保命,1
改了,1
框架,1
频出,1
重叠,2
卡死,3
框卡牌,1
萌新入,1
口味,2
乱七八糟,1
头疼,1
受害者,1
啥时候,3
改回来,1
commented,1
flavorful,1
intent,1
designer,1
Doing,1
yearn,1
weekend,1
bonus,2
consecutive,1
numbing,1
Meh,1
Rules,1
Lasagna,1
devolve,1
demo,2
revenge,1
Wish,1
Inscryption,2
JeGey,1
Uog1k,1
全神贯注,1
效果,1
频繁,1
不佳,2
UP,1
能否,2
接受,2
基本操作,1
awarding,1
creativity,1
annoy,1
evolving,1
storyline,1
differently,1
新鲜,1
Little,1
Underhand,1
PlayStore,1
minuscole,1
focussed,1
scope,2
eldrich,1
beasts,1
lesser,1
scoped,1
newcomers,1
Is,6
.....,2
caviat,1
disincoutages,1
Consulting,1
array,1
leinght,1
playtroughs,1
enormous,1
arrangement,1
mindgames,1
ethereal,1
concepts,2
discourage,1
credited,1
Makes,1
punch,1
slotting,3
umpteenth,1
titillating,1
嘿嘿嘿,1
awhile,2
Back,1
deals,1
defying,1
skirmishes,1
alleys,1
walkthroughs,1
nondescript,1
activate,1
upwards,1
sterilizes,1
obscene,1
Loop,1
Hero,1
Ring,1
Pain,1
Hand,1
Fate,1
之声,1
功能,1
再次,1
放上去,1
三块,1
到处,1
叠加,1
一脸茫然,1
是我太,1
warks,1
suffers,1
feeds,1
tantalising,1
paired,1
undoubtedly,1
melting,1
长文,1
警告,1
讨论,1
ARG,1
持续,3
weatherfactory,1
biz,1
入口,1
这篇,1
聊点,1
主打,1
资源管理,3
自身,2
隐瞒,1
牌桌,1
以卡牌,1
摆弄,1
定夺,1
每张,1
面值,3
所属,1
称为,2
性状,1
如下,1
要求,1
凑足,1
共计,1
36,1
对应性,1
Set,1
Collection,1
构筑,3
Tableau,2
Building,3
出牌,1
得牌,1
动词,2
放入,4
复数,1
外有,1
倒计时,2
正方,1
token,1
取代,1
此外,1
特点,1
严谨,2
仿佛,1
地步,1
严格,1
激活,1
搞错,1
清客,1
我花,1
半小时,1
搞清楚,1
艰难,1
官僚,6
中桌,1
群体,1
bookkeeping,3
根本原因,1
不易,1
携带,1
电子游戏,5
交给,2
反其道而行之,1
管理,8
一万张,4
深入,2
人和事,1
boardgamegeek,4
boardgame,3
128780,1
pax,1
porfiriana,1
Pax,1
Porfiriana,1
桌上,1
多牌,1
设计师,2
尽量避免,1
一类,2
thematic,1
某种,1
通常,1
集权,1
Papers,1
Beholder,1
头领,2
当官,1
桌游化,1
抵达,2
官僚化,1
活动,1
担任,3
一名,1
管理者,2
事务,1
著名,1
boardgamedesigner,1
martin,1
wallace,1
Martin,2
Wallace,8
同步,1
所谓,1
牌组,1
兵棋,1
Deck,1
Wargames,1
三部曲,3
79828,1
acres,1
snow,1
Acres,1
Snow,1
三代,1
军队,3
运输,1
某项,1
发兵,1
握有,1
AB,1
之间,6
交通,1
进军,1
相当于,1
官员,1
行政,1
文档,1
下令,1
抽取,1
越多越,1
看出,1
141517,1
study,3
emerald,1
Study,3
Emerald,2
相似,2
改编自,1
尼尔,1
盖曼,1
绿字,1
用密教,1
不成问题,1
通用,1
效仿,1
英雄所见略同,1
抓住,1
一面,1
转为,1
相符,1
证明,2
电子化,1
可行性,1
受欢迎,1
明日,2
方舟,2
至今,1
不再,3
相机,1
移动,1
极高,1
关注度,1
是因为,1
表现,1
合适,1
派出,2
地牢,1
摸金,1
掏宝,1
罗德岛,1
干员,1
打手,1
治安,1
评估,1
关注,2
表达,2
很早以前,1
2016,1
一篇,1
开发者,2
日志,1
中说,1
出身,1
源自,1
讳言,1
电子卡,1
混合,1
TRPG,2
出版,1
一套,1
诸多,2
驱动,1
政治,1
战略,1
发售,1
app,1
1948280,1
应用,1
案例,2
接近,1
老祖宗,1
Dominion,1
买卡包,1
短时间,1
仿制品,1
山寨,1
意识,1
Whole,1
10h,1
25h,1
fulfillment,1
bounce,1
cluttery,1
fragmented,1
criticisms,1
成仙,1
有没有,2
小马,1
不知不觉,1
这么久,2
妈呀,1
MOD,1
要死,1
能放,1
仁慈,2
悔恨,1
之源,1
舞者,5
全程,1
第一个,2
无限,1
秘氛,2
蛾性,1
实惨,1
下午,2
跳舞,1
四五种,1
牛鬼蛇神,1
玩弄,1
勤勉,2
完人,1
飞个,1
唯唯诺诺,1
包养,1
舞娘,1
bian,1
想来,1
感慨万千,1
感叹,1
mash,1
accepting,1
冰冷,3
洛式,1
神话,14
一大,1
特征,2
便是,1
以人,1
塑神,1
希腊,1
子夺,1
父权,1
北欧,1
兄弟,2
相争,1
日本,1
兄妹,1
相恋,1
华夏,1
尊下卑,1
由人,1
赋予,2
种种,2
具备,1
洛老,3
脱出,1
局限,1
描绘,3
残酷,1
宇宙,3
神o,5
看做,1
法则,2
狭隘,1
定义,1
相结合,2
怎样,1
由此,1
开创,1
相较,2
于克,1
诸位,1
古神,1
行为,2
已有,1
可寻,1
这方面,1
统一,1
学徒,1
典籍,2
记载,1
只言片语,1
司辰们,1
残片,1
残暴,1
狂野,1
禁断,1
动机,1
解释,1
远非,1
之物,1
栩栩如生,1
权力,1
爱情,2
争斗,1
此地,1
爱人,2
阉割,1
敬神,1
剥皮,1
以成,1
洞开,1
此处,1
容不得,1
人间烟火,1
熬夜,1
研读,1
夜行,2
公众,1
场合,1
语及,1
探险队,1
掏钱,1
否则,2
送进去,1
多线程,1
难怪,1
浓情蜜意,1
伴侣,1
吾辈,1
楷模,1
此番,1
挣扎,1
生于,1
1920,1
年代,1
雄心勃勃,1
医生,1
富家子弟,1
机缘巧合,1
获悉,1
诱惑,3
决心,1
脱离,1
凡庸,1
束缚,1
常见于,1
俗套,1
功底,1
渲染,1
世俗,2
高位,1
职员,1
经理,1
求婚,1
销声匿迹,1
不论,1
难易,1
编写,1
言语,1
毫不,1
吝啬,1
之词,1
取得,1
给出,1
不屑于,1
俗世,1
功业,2
天平,1
一端,1
一颗,1
心脏,2
另一端,1
羽毛,2
昭示,1
前夕,1
余生,2
答案,1
恭喜,1
收获,1
多段,1
经历,1
炽烈,1
忠贞,1
始终不变,1
共同,1
术后,1
洗尽铅华,1
辅以,1
步步,1
攀升,1
职工,1
寻宝,1
合并,1
不禁,1
惊呼,1
奖励,1
如影随形,1
紧追不舍,1
搜集,1
每声,1
钟响,1
连带,1
伴随,1
异质,1
撩拨,1
心弦,1
精心设计,1
阻碍,1
遍布,1
艰辛,3
点睛之笔,1
meniscate,1
madrugad,1
统称,2
信达雅地,1
词汇,2
组是,1
弧月,1
瞳中,1
之扉,1
夜不能寐,1
侧耳,1
倾听,1
微风,1
穿梭,1
枝桠,1
窃窃私语,1
房屋,1
沉溺于,1
大声,1
呼号,1
混沌,1
所经,1
注视,1
火焰,1
所视,1
何物,1
此物,1
它会,1
说出,1
转变,1
神性,1
烧焦,1
皮肤,1
剥落,1
例子,1
语句,2
不用,2
如梦似,1
奇异,1
每当,1
总归,1
舒服,1
例如,1
卡会,1
被吸入,1
为止,1
噪音,1
懊恼,1
新鲜感,1
干脆,1
手快,1
收取,1
烦躁,1
骤然,1
一长,1
结语,1
无穷的,1
媒介,1
最为,1
激发,1
载体,1
得以,3
配合,1
天衣无缝,1
每句话,1
遐想,1
迷思,1
放任,1
遨游,1
纷乱,1
迷幻,1
可感,1
异世,1
潜藏在,1
表皮,1
飞蛾扑火,1
那光,1
满溢,1
而出,1
狂乱,1
后记,1
废话,1
接触,1
过克,1
经验,1
得出,1
几位,1
老友,1
收效甚微,1
底色,1
原作,1
形容词,1
望而却步,1
出名,1
几部,1
墙中,1
之鼠,1
印斯茅斯,1
阴霾,1
山脉,1
敦威治,1
恐怖事件,1
主线,2
诸如,1
星之彩,1
暗夜,1
呢喃,1
很难说,2
故事性,1
描写,1
艰深晦涩,1
这部,2
试试看,1
一并,1
灵魂,2
摆渡人,1
休闲,1
种田,1
对比,1
轻松愉快,1
亲民,1
没报,1
期望,1
惊讶,1
账号,1
一连,1
一个多,1
星期,1
协力,1
123.7,1
热情,1
欣喜,1
刻板,1
小众,1
爱好,1
反思,1
与众不同,1
原教旨,1
创作,1
契机,1
由此而来,1
一向,1
原教旨主义,1
的确,1
贡献,1
开拓性,1
后人,1
错误,2
视为,1
幼稚,1
旧日,1
支配者,1
阵营,1
相生相克,1
亚文化,1
大众,1
视野,1
剔除,1
放大,1
21,2
世纪,1
恢弘,1
之主,1
正是如此,1
爱看,1
名声,1
耳闻,1
kidnaping,1
bugged,1
很久没,1
复健,1
破防,2
第一局,2
肆虐,1
无视,1
场上,1
牌不吸,1
第二局,1
痛定思痛,1
好好,1
赶上,1
父子,2
不让,1
我当,1
救命,1
Really,3
engine,1
buckles,1
自从,1
有人,1
我十刃,1
我开,1
四大名捕,1
嘻嘻,1
间接性,1
白屏,1
闪退,3
See,1
weakness,1
strategies,1
Alternatively,1
pretend,1
forum,1
talked,1
corkboard,1
string,1
thumbtacks,1
Realise,1
screwed,1
royally,1
stepping,2
stone,1
greatness,1
chicken,1
settle,1
desk,2
boss,1
Finicky,1
flavourtext,1
repetitively,1
Recommend,1
Interesting,1
dump,1
lie,3
appear,2
Did,1
understood,1
grin,1
pleased,1
areas,1
chasm,1
slammed,1
grabbing,1
beginner,1
smooth,1
sessions,3
recorded,1
earned,2
Provokes,1
iPad,1
Guessing,1
Frustrating,1
automate,1
minions,2
utter,1
overhaul,1
BEST,1
LMAOOOOOOOOOOOOOOOOOOOOOOOOO,1
BUY,1
IT,1
RIGHT,1
NOW,1
111,1
Tough,2
Steep,1
Relies,1
reasoning,1
Solid,1
Core,1
Ultrawide,1
Screen,1
support,2
1t,1
wEfv536w,1
shed,5
退还,1
当前,1
sleep,1
schedule,1
confirm,1
variants,1
pirated,1
sick,2
transports,1
stirring,1
ominous,1
frantic,1
shocking,1
urgent,1
pacing,2
invites,1
suggested,1
resourceful,1
poignant,1
rainy,1
lamp,1
lit,1
city,1
suspicious,1
glance,1
grasping,1
dimly,2
recalled,1
significance,1
slipping,1
fingers,1
searched,1
media,1
referenced,1
Leverages,1
courageous,1
shine,1
ehm,1
sparingly,1
lovcraftian,1
strongest,1
Wait,1
till,1
unpleasant,2
25,1
limitations,1
apparent,1
gone,3
select,1
laying,2
shitloads,1
ideal,1
adventure,1
reservations,1
CASE,2
FOR,1
Novel,1
sinister,1
uncanny,1
Aesthetic,1
complement,1
skillfully,1
AGAINST,1
inconvenient,1
incrementers,1
manual,1
simultaneously,2
varying,1
exceedingly,1
endeavor,1
Simultaneously,1
mental,3
public,1
suspicion,1
excursions,1
practically,1
Upon,1
winds,1
comical,1
abuse,1
We,3
fifth,1
unleash,1
potentially,1
sending,1
permanently,1
injured,1
receive,2
six,1
franchise,1
MVP,1
nameless,1
Experienced,1
Swindler,1
Spider,1
he,2
helped,1
Thanks,1
swindling,1
endeavors,1
肝痛,1
全款,1
altering,1
gasped,1
live,1
Memories,1
unspoken,1
forgotten,2
name,1
standing,2
blade,1
desolate,1
trace,2
cold,1
wind,1
spite,1
stand,1
nods,1
dragon,1
mountains,1
Losing,1
identity,1
Wondering,1
climb,2
mountain,1
downward,1
height,1
expiration,1
rounded,1
dislike,1
roads,1
impassable,1
road,1
block,1
Advise,1
Mod,1
改成,1
大脑,1
升天,1
tarot,1
buggy,3
hectic,1
stars,1
sculpture,1
lessons,1
speaks,2
relentlessly,1
flawless,1
staying,1
paintings,1
dabbling,1
Im,1
executed,1
crime,1
关键时刻,1
万事俱备,1
特蕾莎,2
飞速,1
卡才,1
请问,1
怎么办,1
高歌一曲,1
只不过,1
从头再来,1
数据,1
导入,1
假装,1
今天,2
没玩过,1
保鲜,3
定,1
分,1
必定,1
crash,1
delve,2
invisible,1
arts,1
endeavour,1
profitable,1
roaring,1
opium,1
ethical,1
libraries,1
beneficial,1
venomous,1
serpent,1
useless,1
morgue,1
hire,1
ahem,1
borrowed,1
seventy,1
seven,1
sod,1
Regardless,1
welcome,1
glory,2
worms,1
Platonic,1
ideals,1
attitude,2
raving,1
lunatic,1
serving,1
crimes,1
deader,1
bearings,1
suffering,3
bust,1
ancient,1
firestorm,1
incinerate,1
reluctant,1
peace,1
transform,1
patterns,1
kaleidoscope,1
letters,1
tantras,1
deuced,1
daybreak,1
wan,1
sunset,1
bleeds,1
evenings,1
Vienna,1
deicide,1
pilgrimage,1
spurned,1
buried,1
Janus,1
aligned,1
devouring,1
lusts,1
Red,1
Grail,1
followed,1
mine,1
pestered,1
vain,1
Rise,1
higher,1
imaginary,1
delight,1
Into,1
fly,2
timely,1
Fortunately,2
images,1
mixing,1
matching,1
mildly,1
downside,1
therefore,1
reverts,1
Low,1
recommendation,2
mere,2
curiousity,1
term,1
replaced,2
annoyance,1
irritation,1
deranged,1
struggles,1
crippling,1
dwindling,1
hunger,1
deteriorating,1
busy,1
stabilizing,1
glorified,1
Mahjong,1
automated,1
55,1
用来,1
平静下来,1
雅思,1
洛夫,1
克拉夫特,1
绝非,1
允许,1
来源,1
恩怨,1
情仇,1
击败,1
如履薄冰,1
抓取,1
拼合,1
版图,1
亮点,1
此类,2
极大,2
除此之外,1
Fallon,1
没得说的,1
适应,1
人话,1
那买,1
排行,1
Ghoul,1
Dancer,1
Priest,1
将近,1
十个,1
没刀,1
那个,2
老头,1
异神,1
我查,1
骗子,1
铜丝,1
卡退,1
Strangely,1
发个,2
一吨,1
奖章,2
Imagine,1
cleaning,1
grandparents,1
garage,1
dust,1
peek,1
inside,1
ouiji,1
chemistry,1
English,1
sparse,1
somethings,1
lingering,1
alchemical,2
responding,1
Suddenly,1
week,2
sorcery,1
transformative,1
TRAIN,1
disguised,1
inherently,1
deciphering,1
artifact,1
unlocks,1
concert,1
Took,1
fractal,1
localization,1
btw,1
mechanism,2
delicious,1
feast,1
home,2
glitchy,1
linux,1
Windows,1
Literally,1
dumped,1
300,1
400,1
accounts,1
tactile,1
ambient,1
relaxing,1
frames,2
nicely,1
noise,1
flourish,1
sole,2
unorganize,1
rebooting,1
lump,1
resulting,2
noticed,1
complaints,1
patched,1
claiming,1
necessarily,1
ensues,1
juuust,1
elaborately,1
permutation,1
Major,1
knock,1
dos,1
oriented,1
manager,2
stellar,1
audio,1
parse,1
experimental,1
favor,2
beauty,1
告知,1
哪个,1
集训,1
记录,1
灯飞,2
写日记,1
20220705,1
11.6,1
衍生,1
杀得,1
血流成河,1
教皇,2
克利夫,1
创口,1
平稳,1
病魔缠身,1
内维尔,1
模样,1
深深,1
击溃,1
自尊,1
曾经,1
检定,1
孤身,1
0709,1
6h,1
档起,1
晦气,1
王子,1
弱智,1
师牌,1
一路上,1
四面楚歌,1
痛哭流涕,1
五团,1
乱码,1
听闻,1
小心,2
导师,1
卡删,1
1127,1
常规,2
1209,1
只用,1
完好,1
1210,1
打了个,1
我草,1
230102,1
认认真真,1
地读,1
真好,2
鬼线,1
边玩,1
三条,1
farther,2
feint,1
TON,1
favs,1
TERRIBLE,1
masterpieces,1
CS,1
prohibitive,1
tries,1
foiling,1
hunters,2
whittled,1
Replenishing,1
Talk,2
heal,1
foil,1
stymied,1
congested,1
walkthru,1
zone,1
鼠标,1
手疼,1
CCG,1
Ive,1
hallmark,1
benchmark,1
marmite,1
medic,1
profession,1
pyretic,1
arranged,1
Sulo,1
sympathetic,1
amongst,1
dancers,1
lissom,1
romancers,1
departed,1
ecdysis,1
ascended,1
Victor,2
sister,1
Miah,1
planned,1
Mister,1
ivory,1
itched,1
silken,1
thin,1
sensation,1
destination,1
seasons,2
question,1
Rose,1
threw,1
burgeoning,1
risen,1
mouth,1
closed,1
slumber,1
fell,1
knees,1
imago,1
hind,1
draugr,1
beside,1
Unseen,1
yearning,1
reputation,2
promise,1
clearly,1
refined,1
janky,1
reliance,1
XCOM,1
enthusiast,1
mechanically,1
rough,1
Apocalypse,1
Yearning,1
9.3,1
rnm,1
退钱,1
停下来,1
忘记,1
打到,1
算了,1
usability,1
Organize,1
atrocious,1
group,1
raw,2
quantity,1
organization,2
separation,1
fading,1
kinds,1
status,1
ailments,1
battle,1
importantly,1
forwarded,1
slower,2
passable,1
optimization,1
scattered,1
Update,1
Towards,1
framerate,1
rate,1
abysmal,1
causing,1
RNGesus,1
250,1
Currently,1
forced,1
developers,3
development,1
yo,1
99%,1
admirable,1
tolerances,1
underlying,1
iron,1
perceives,1
classic,2
branch,1
foul,1
response,1
backlash,1
awful,2
complains,1
ban,1
breach,1
angry,1
purchased,1
ind,1
vanity,1
severely,1
tarnished,1
views,1
products,1
continues,1
rating,1
Frequent,1
rework,1
massively,1
beta,1
mainline,1
resolves,1
stagnates,1
format,1
sustain,1
married,1
Fell,1
Spooky,1
quiet,1
unnerving,1
intelligent,1
Many,1
Elder,1
Scrolls,1
clashing,1
perspectives,1
facets,1
Skyrim,1
prerequisite,1
incorrect,1
dose,1
obfuscation,1
lathered,1
dramatically,1
passages,1
shockingly,1
straightforward,1
attaining,1
desire,1
Stag,1
authors,1
solutions,1
Other,1
occultists,1
Proper,1
Nouns,1
symbolism,1
recognise,1
bizarre,1
uninitiated,1
fitting,1
brilliantly,1
homage,1
copy,1
lady,1
videogame,2
sacrifices,1
brutally,1
instances,1
slew,1
flip,2
bonking,1
consultation,1
memorizing,1
ugh,1
grid,1
snapping,1
horrid,2
controls,1
variation,1
ugly,1
completionists,1
lasts,1
eternity,1
pet,1
peeve,1
acceptable,1
stall,1
halt,1
merge,1
obtain,1
oriflamme,2
morland,1
shop,1
STUMM,1
profit,1
critique,1
completionist,1
左拥右抱,1
一呼百应,1
帝国,1
矜业业,1
心惊胆战,1
YES,1
Wow,1
yea,1
earn,1
NOTHING,1
HAPPENS,1
coinies,1
strand,1
demoted,1
investigate,1
videogames,1
sickness,1
18,1
puke,1
badly,1
optimised,1
presence,1
lingers,1
absurd,1
glitch,1
OCD,1
returned,1
hide,1
bottom,1
pulled,1
CRASH,1
FAIL,1
replacing,1
glitches,1
Everytime,1
autosaves,1
popup,1
appears,1
freezes,1
occur,1
CONSTANTLY,1
ALL,1
TIME,1
device,1
cheaper,1
加剧,1
巅峰,1
joining,1
查找,1
炼成,1
seriously,1
properly,1
Gonna,1
sized,1
fix,1
exception,1
factors,1
dedication,1
husband,1
Save,1
quit,1
fallow,1
docks,1
blocks,1
clutters,1
size,1
slider,1
Besides,1
gripes,1
supported,1
absorbing,1
猜谜语,1
依赖,1
左转,1
看书,1
investing,1
4h,1
打通关,1
流水线,1
镜门,1
召镜,1
干锅,1
大摇大摆,1
突入,1
法外,1
狂徒,1
调调,1
知名度,1
上入,1
电脑,1
Sadly,1
everybody,1
ceiling,1
tactic,1
fanatic,1
FREE,1
microtransaction,1
norm,1
exclusive,1
today,1
predatory,1
cash,1
grabs,1
kickstarter,1
scams,1
circle,1
平板,1
重来,1
对齐,2
怪怪的,1
手残,1
大爱,1
超自然,1
高贵,1
统御,1
施展,1
摧毁,1
阻拦,1
压榨,1
教众,2
享尽,1
荣华富贵,1
饿死,1
但凡,1
旷工,1
降职,1
之虞,1
外语,1
文献,1
当不了,1
伯爵,1
教授,1
换取,1
佣金,1
洁身自好,1
开展,1
招致,1
怨恨,1
或许,1
读博,1
相差无几,1
讲究,1
名正言顺,1
七成,1
归防,1
剿局,1
三成,1
赞助人,1
格洛弗,1
就行了,1
略少,1
几周,1
背下来,1
有待,1
截止,1
2022.6,1
不佳且,1
测试版,1
切换,1
旧版本,2
Enjoying,1
interacting,1
chat,1
lamenting,1
hooks,1
200,1
essence,1
individual,1
learns,1
underpin,1
artifacts,1
attracting,1
gain,1
godlike,1
otherworldly,1
pun,1
DAMMIT,1
placements,1
Verbs,1
ingredients,1
conjure,1
Pros,2
shades,1
Cons,2
thereof,1
内行,1
卡给,1
无取,1
无求,1
matched,1
stumbled,1
horrors,1
comprehension,1
mortals,1
aka,1
bask,1
bite,1
chew,1
builds,1
theory,1
herding,1
powers,1
gracefully,1
edge,1
divers,1
drinkers,1
convince,1
dreamed,1
LIfelike,1
几小时,1
档白,1
这算,1
satisfied,1
inefficiently,1
uniquely,1
moderate,1
Anyone,1
glitter,1
fest,1
chosen,1
shattered,1
ful,1
disappointment,1
poorly,1
cohesive,1
Apostate,1
foolish,1
40%,1
downgrade,1
Choose,1
Adventure,1
bookmarks,1
50%,1
coinflip,1
sighing,1
pointing,1
solitary,1
extreme,1
rabbit,1
hole,1
crumbs,1
presents,1
pleasurable,1
react,1
investigated,1
overcommitted,1
spell,1
extend,1
做密,1
最深,1
妄想,1
半工半读,1
CAN,1
wont,1
wisdom,1
teeth,1
removed,1
rambling,1
anesthesia,1
rngesus,1
brutal,1
哪天,1
修好,1
阳光,1
闪烁着,1
黑冰,1
黯淡,1
移开,1
双眼,1
在意,1
绝赞,1
散碎,1
鲜活,1
正午,1
理论,1
精神污染,1
回退,1
花费,1
从零开始,1
FANTASTIC,1
PLS,1
PPL,1
TO,1
JUICY,1
emergent,1
身体,1
已死,1
aesthetically,1
challenged,1
crumble,1
varieties,1
hurdle,1
书币,1
网格,1
推特问,1
他俩,1
换回去,1
闹心,1
脑洞,1
可重,1
玩性,1
联动,1
2d,1
经常出现,1
卡拖出,1
框时,1
框内,1
小退,1
15h,1
计入,1
一点点,1
能活,1
h2,6
负面,1
褪衣,1
消掉,3
追忆,1
前者,1
更优,1
能出,1
三围,2
替代,1
吸走,2
说法,1
揪住,1
用此,1
保护,1
制造,1
密氛,1
垫子,1
吸钱,1
右边,1
标出来,1
搬迁,1
基地,2
全消,1
小弟,2
警官,1
词缀,1
别上去,1
送辣,1
会空,1
教堂,1
小萌,1
见解,1
遗赠,1
锻炼,1
顺带,1
准则,1
转表,1
humble,1
bundles,1
Of,1
shorted,1
performance,1
screwing,1
favour,1
supporting,1
refunded,1
intended,2
Use,1
driver,1
seat,1
tracking,1
permutations,1
resulted,1
Clicking,1
Verb,1
spam,1
clicks,1
icons,1